whaleName,Species,FinalGyroOsFreq,FinalGyrMinusOne,FinalGyrMinusTwo,FinalGyrMinusThree,FinalGyrMinusFour,FinalGyrMinusFive,FinalGyrMinusSix,FinalGyrMinusSeven,FinalGyrMinusEight,FinalGyrMinusNine
bb180304-42,Minke,NaN,NaN,NaN,NaN,NaN,NaN,NaN,NaN,NaN,NaN
bb180304-42,Minke,NaN,NaN,NaN,NaN,NaN,NaN,NaN,NaN,NaN,NaN
bb180304-42,Minke,NaN,NaN,NaN,NaN,NaN,NaN,NaN,NaN,NaN,NaN
bb180304-42,Minke,NaN,NaN,NaN,NaN,NaN,NaN,NaN,NaN,NaN,NaN
bb180304-42,Minke,NaN,NaN,NaN,NaN,NaN,NaN,NaN,NaN,NaN,NaN
bb180304-42,Minke,NaN,NaN,NaN,NaN,NaN,NaN,NaN,NaN,NaN,NaN
bb180304-42,Minke,NaN,NaN,NaN,NaN,NaN,NaN,NaN,NaN,NaN,NaN
bb180304-42,Minke,0.5,0.66667,0.58824,0.66667,0.90909,0.90909,NaN,NaN,NaN,NaN
bb180304-42,Minke,NaN,NaN,NaN,NaN,NaN,NaN,NaN,NaN,NaN,NaN
bb180304-42,Minke,0.5,0.43478,0.52632,0.52632,0.625,0.76923,NaN,NaN,NaN,NaN
bb180304-42,Minke,0.434782608695652,0.5,0.55556,0.71429,NaN,NaN,NaN,NaN,NaN,NaN
bb180304-42,Minke,NaN,NaN,NaN,NaN,NaN,NaN,NaN,NaN,NaN,NaN
bb180304-42,Minke,NaN,NaN,NaN,NaN,NaN,NaN,NaN,NaN,NaN,NaN
bb180304-42,Minke,NaN,NaN,NaN,NaN,NaN,NaN,NaN,NaN,NaN,NaN
bb180304-42,Minke,NaN,NaN,NaN,NaN,NaN,NaN,NaN,NaN,NaN,NaN
bb180304-42,Minke,NaN,NaN,NaN,NaN,NaN,NaN,NaN,NaN,NaN,NaN
bb180304-42,Minke,0.666666666666667,0.4,0.58824,0.76923,NaN,NaN,NaN,NaN,NaN,NaN
bb180304-42,Minke,NaN,NaN,NaN,NaN,NaN,NaN,NaN,NaN,NaN,NaN
bb180304-42,Minke,0.434782608695652,0.41667,0.35714,0.45455,0.76923,NaN,NaN,NaN,NaN,NaN
bb180304-42,Minke,NaN,NaN,NaN,NaN,NaN,NaN,NaN,NaN,NaN,NaN
bb180304-42,Minke,NaN,NaN,NaN,NaN,NaN,NaN,NaN,NaN,NaN,NaN
bb180304-42,Minke,0.32258064516129,0.45455,0.55556,0.625,NaN,NaN,NaN,NaN,NaN,NaN
bb180304-42,Minke,0.454545454545455,0.38462,0.625,0.625,0.58824,NaN,NaN,NaN,NaN,NaN
bb180304-42,Minke,0.476190476190476,0.43478,0.58824,1.1111,NaN,NaN,NaN,NaN,NaN,NaN
bb180304-42,Minke,0.434782608695652,0.32258,0.58824,0.58824,0.47619,0.33333,0.52632,0.52632,0.5,0.71429
bb180304-42,Minke,NaN,NaN,NaN,NaN,NaN,NaN,NaN,NaN,NaN,NaN
bb180304-42,Minke,NaN,NaN,NaN,NaN,NaN,NaN,NaN,NaN,NaN,NaN
bb180304-42,Minke,0.454545454545455,0.45455,0.58824,1,NaN,NaN,NaN,NaN,NaN,NaN
bb180304-42,Minke,0.434782608695652,0.37037,0.58824,0.83333,NaN,NaN,NaN,NaN,NaN,NaN
bb180304-42,Minke,NaN,NaN,NaN,NaN,NaN,NaN,NaN,NaN,NaN,NaN
bb190224-52,Minke,NaN,NaN,NaN,NaN,NaN,NaN,NaN,NaN,NaN,NaN
bb190224-52,Minke,NaN,NaN,NaN,NaN,NaN,NaN,NaN,NaN,NaN,NaN
bb190224-52,Minke,0.714285714285714,0.5,0.625,0.83333,0.625,0.83333,1.1111,NaN,NaN,NaN
bb190224-52,Minke,NaN,NaN,NaN,NaN,NaN,NaN,NaN,NaN,NaN,NaN
bb190224-52,Minke,0.5,0.47619,0.52632,0.90909,1.25,1.1111,NaN,NaN,NaN,NaN
bb190224-52,Minke,NaN,NaN,NaN,NaN,NaN,NaN,NaN,NaN,NaN,NaN
bb190224-52,Minke,NaN,NaN,NaN,NaN,NaN,NaN,NaN,NaN,NaN,NaN
bb190224-52,Minke,NaN,NaN,NaN,NaN,NaN,NaN,NaN,NaN,NaN,NaN
bb190224-52,Minke,NaN,NaN,NaN,NaN,NaN,NaN,NaN,NaN,NaN,NaN
bb190224-52,Minke,NaN,NaN,NaN,NaN,NaN,NaN,NaN,NaN,NaN,NaN
bb190224-52,Minke,NaN,NaN,NaN,NaN,NaN,NaN,NaN,NaN,NaN,NaN
bb190224-52,Minke,NaN,NaN,NaN,NaN,NaN,NaN,NaN,NaN,NaN,NaN
bb190224-52,Minke,NaN,NaN,NaN,NaN,NaN,NaN,NaN,NaN,NaN,NaN
bb190224-52,Minke,0.555555555555556,0.66667,1.1111,1.25,NaN,NaN,NaN,NaN,NaN,NaN
bb190224-52,Minke,NaN,NaN,NaN,NaN,NaN,NaN,NaN,NaN,NaN,NaN
bb190224-52,Minke,0.526315789473684,0.45455,0.76923,0.76923,0.76923,0.83333,1.1111,NaN,NaN,NaN
bb190224-52,Minke,NaN,NaN,NaN,NaN,NaN,NaN,NaN,NaN,NaN,NaN
bb190224-52,Minke,NaN,NaN,NaN,NaN,NaN,NaN,NaN,NaN,NaN,NaN
bb190224-52,Minke,NaN,NaN,NaN,NaN,NaN,NaN,NaN,NaN,NaN,NaN
bb190224-52,Minke,0.476190476190476,0.5,0.58824,0.66667,0.76923,1,1.25,NaN,NaN,NaN
bb190224-52,Minke,NaN,NaN,NaN,NaN,NaN,NaN,NaN,NaN,NaN,NaN
bb190224-52,Minke,NaN,NaN,NaN,NaN,0.83333,1.1111,1.1111,NaN,NaN,NaN
bb190224-52,Minke,0.526315789473684,0.34483,0.90909,1.25,NaN,NaN,NaN,NaN,NaN,NaN
bb190224-52,Minke,NaN,NaN,NaN,NaN,NaN,NaN,NaN,NaN,NaN,NaN
bb190224-52,Minke,NaN,NaN,NaN,NaN,NaN,NaN,NaN,NaN,NaN,NaN
bb190224-52,Minke,NaN,NaN,NaN,NaN,NaN,NaN,NaN,NaN,NaN,NaN
bb190224-52,Minke,NaN,NaN,NaN,NaN,NaN,NaN,NaN,NaN,NaN,NaN
bb190224-52,Minke,0.588235294117647,0.37037,0.5,0.52632,0.58824,0.71429,1,1,NaN,NaN
bb190224-52,Minke,NaN,NaN,NaN,NaN,NaN,NaN,NaN,NaN,NaN,NaN
bb190224-52,Minke,NaN,NaN,NaN,NaN,NaN,NaN,NaN,NaN,NaN,NaN
bb190225-54,Minke,NaN,NaN,NaN,NaN,NaN,NaN,NaN,NaN,NaN,NaN
bb190225-54,Minke,NaN,NaN,NaN,NaN,NaN,NaN,NaN,NaN,NaN,NaN
bb190225-54,Minke,NaN,NaN,NaN,NaN,NaN,NaN,NaN,NaN,NaN,NaN
bb190225-54,Minke,NaN,NaN,NaN,NaN,NaN,NaN,NaN,NaN,NaN,NaN
bb190225-54,Minke,NaN,NaN,NaN,NaN,NaN,NaN,NaN,NaN,NaN,NaN
bb190225-54,Minke,NaN,NaN,NaN,NaN,NaN,NaN,NaN,NaN,NaN,NaN
bb190225-54,Minke,0.434782608695652,0.58824,0.66667,0.90909,NaN,NaN,NaN,NaN,NaN,NaN
bb190225-54,Minke,NaN,NaN,NaN,NaN,NaN,NaN,NaN,NaN,NaN,NaN
bb190225-54,Minke,NaN,NaN,NaN,NaN,NaN,NaN,NaN,NaN,NaN,NaN
bb190225-54,Minke,0.4,0.55556,0.83333,1.1111,NaN,NaN,NaN,NaN,NaN,NaN
bb190225-54,Minke,NaN,NaN,0.47619,0.625,0.71429,NaN,NaN,NaN,NaN,NaN
bb190225-54,Minke,0.4,0.43478,0.41667,0.58824,0.66667,NaN,NaN,NaN,NaN,NaN
bb190225-54,Minke,NaN,NaN,NaN,NaN,NaN,NaN,NaN,NaN,NaN,NaN
bb190225-54,Minke,0.384615384615385,0.33333,0.52632,0.52632,0.58824,NaN,NaN,NaN,NaN,NaN
bb190225-54,Minke,NaN,NaN,0.43478,0.55556,0.66667,NaN,NaN,NaN,NaN,NaN
bb190225-54,Minke,NaN,NaN,NaN,NaN,NaN,NaN,NaN,NaN,NaN,NaN
bb190225-54,Minke,0.4,0.5,0.71429,0.76923,NaN,NaN,NaN,NaN,NaN,NaN
bb190225-54,Minke,0.384615384615385,0.38462,0.43478,0.58824,0.58824,0.83333,0.71429,NaN,NaN,NaN
bb190225-54,Minke,0.416666666666667,0.41667,0.45455,0.55556,0.83333,NaN,NaN,NaN,NaN,NaN
bb190225-54,Minke,0.454545454545455,0.38462,0.58824,0.76923,NaN,NaN,NaN,NaN,NaN,NaN
bb190225-54,Minke,NaN,NaN,NaN,NaN,NaN,NaN,NaN,NaN,NaN,NaN
bb190225-54,Minke,NaN,NaN,NaN,NaN,NaN,NaN,NaN,NaN,NaN,NaN
bb190225-54,Minke,0.384615384615385,0.41667,0.5,0.58824,0.625,0.71429,NaN,NaN,NaN,NaN
bb190225-54,Minke,NaN,NaN,NaN,NaN,NaN,NaN,NaN,NaN,NaN,NaN
bb190225-54,Minke,NaN,NaN,NaN,NaN,NaN,NaN,NaN,NaN,NaN,NaN
bb190225-54,Minke,NaN,NaN,NaN,NaN,NaN,NaN,NaN,NaN,NaN,NaN
bb190225-54,Minke,NaN,NaN,NaN,NaN,NaN,NaN,NaN,NaN,NaN,NaN
bb190225-54,Minke,0.303030303030303,0.38462,0.55556,0.58824,0.625,0.625,NaN,NaN,NaN,NaN
bb190225-54,Minke,NaN,NaN,NaN,NaN,0.625,0.625,0.83333,NaN,NaN,NaN
bb190225-54,Minke,NaN,NaN,NaN,NaN,NaN,NaN,NaN,NaN,NaN,NaN
bb190225-55,Minke,0.333333333333333,0.43478,0.55556,0.76923,NaN,NaN,NaN,NaN,NaN,NaN
bb190225-55,Minke,NaN,NaN,NaN,NaN,NaN,NaN,NaN,NaN,NaN,NaN
bb190225-55,Minke,NaN,NaN,NaN,NaN,NaN,NaN,NaN,NaN,NaN,NaN
bb190225-55,Minke,NaN,NaN,0.58824,0.66667,0.32258,NaN,NaN,NaN,NaN,NaN
bb190225-55,Minke,NaN,NaN,NaN,NaN,NaN,NaN,NaN,NaN,NaN,NaN
bb190225-55,Minke,NaN,NaN,NaN,NaN,NaN,NaN,NaN,NaN,NaN,NaN
bb190225-55,Minke,NaN,NaN,NaN,NaN,NaN,NaN,NaN,NaN,NaN,NaN
bb190225-55,Minke,NaN,NaN,NaN,NaN,NaN,NaN,NaN,NaN,NaN,NaN
bb190225-55,Minke,NaN,NaN,NaN,NaN,NaN,NaN,NaN,NaN,NaN,NaN
bb190225-55,Minke,NaN,NaN,NaN,NaN,NaN,NaN,NaN,NaN,NaN,NaN
bb190225-55,Minke,NaN,NaN,NaN,NaN,NaN,NaN,NaN,NaN,NaN,NaN
bb190225-55,Minke,NaN,NaN,NaN,NaN,NaN,NaN,NaN,NaN,NaN,NaN
bb190225-55,Minke,0.4,0.33333,0.45455,0.58824,0.83333,NaN,NaN,NaN,NaN,NaN
bb190225-55,Minke,0.37037037037037,0.43478,0.76923,0.83333,0.83333,NaN,NaN,NaN,NaN,NaN
bb190225-55,Minke,0.4,0.625,0.625,0.58824,0.625,NaN,NaN,NaN,NaN,NaN
bb190225-55,Minke,NaN,NaN,NaN,NaN,NaN,NaN,NaN,NaN,NaN,NaN
bb190225-55,Minke,NaN,NaN,NaN,NaN,NaN,NaN,NaN,NaN,NaN,NaN
bb190225-55,Minke,NaN,NaN,NaN,NaN,NaN,NaN,NaN,NaN,NaN,NaN
bb190225-55,Minke,NaN,NaN,NaN,NaN,NaN,NaN,NaN,NaN,NaN,NaN
bb190225-55,Minke,NaN,NaN,NaN,NaN,NaN,NaN,NaN,NaN,NaN,NaN
bb190225-55,Minke,NaN,NaN,NaN,NaN,NaN,NaN,NaN,NaN,NaN,NaN
bb190225-55,Minke,0.4,0.47619,0.47619,0.58824,0.83333,NaN,NaN,NaN,NaN,NaN
bb190225-55,Minke,0.344827586206897,0.47619,0.58824,0.66667,NaN,NaN,NaN,NaN,NaN,NaN
bb190225-55,Minke,NaN,NaN,NaN,NaN,NaN,NaN,NaN,NaN,NaN,NaN
bb190225-55,Minke,NaN,NaN,NaN,NaN,NaN,NaN,NaN,NaN,NaN,NaN
bb190225-55,Minke,NaN,NaN,NaN,NaN,NaN,NaN,NaN,NaN,NaN,NaN
bb190225-55,Minke,NaN,NaN,NaN,NaN,NaN,NaN,NaN,NaN,NaN,NaN
bb190225-55,Minke,NaN,NaN,NaN,NaN,NaN,NaN,NaN,NaN,NaN,NaN
bb190225-55,Minke,NaN,NaN,NaN,NaN,NaN,NaN,NaN,NaN,NaN,NaN
bb190225-55,Minke,0.277777777777778,0.4,0.58824,0.71429,NaN,NaN,NaN,NaN,NaN,NaN
bb190228-55b,Minke,0.555555555555556,0.4,0.625,1.25,NaN,NaN,NaN,NaN,NaN,NaN
bb190228-55b,Minke,NaN,NaN,NaN,NaN,NaN,NaN,NaN,NaN,NaN,NaN
bb190228-55b,Minke,NaN,NaN,NaN,NaN,NaN,NaN,NaN,NaN,NaN,NaN
bb190228-55b,Minke,NaN,NaN,NaN,NaN,NaN,NaN,NaN,NaN,NaN,NaN
bb190228-55b,Minke,NaN,NaN,NaN,NaN,NaN,NaN,NaN,NaN,NaN,NaN
bb190228-55b,Minke,0.625,0.5,0.71429,0.90909,NaN,NaN,NaN,NaN,NaN,NaN
bb190228-55b,Minke,NaN,NaN,NaN,NaN,NaN,NaN,NaN,NaN,NaN,NaN
bb190228-55b,Minke,0.526315789473684,0.45455,0.52632,0.5,0.5,0.66667,0.76923,0.83333,NaN,NaN
bb190228-55b,Minke,0.555555555555556,0.32258,0.625,0.625,0.71429,NaN,NaN,NaN,NaN,NaN
bb190228-55b,Minke,NaN,NaN,NaN,NaN,NaN,NaN,NaN,NaN,NaN,NaN
bb190228-55b,Minke,NaN,NaN,NaN,NaN,NaN,NaN,NaN,NaN,NaN,NaN
bb190228-55b,Minke,0.588235294117647,0.43478,0.625,0.66667,0.90909,NaN,NaN,NaN,NaN,NaN
bb190228-55b,Minke,NaN,NaN,NaN,NaN,NaN,NaN,NaN,NaN,NaN,NaN
bb190228-55b,Minke,0.526315789473684,0.5,0.71429,0.71429,NaN,NaN,NaN,NaN,NaN,NaN
bb190228-55b,Minke,0.625,0.33333,0.58824,0.83333,NaN,NaN,NaN,NaN,NaN,NaN
bb190228-55b,Minke,NaN,NaN,NaN,NaN,NaN,NaN,NaN,NaN,NaN,NaN
bb190228-55b,Minke,NaN,NaN,NaN,NaN,NaN,NaN,NaN,NaN,NaN,NaN
bb190228-55b,Minke,NaN,NaN,NaN,NaN,NaN,NaN,NaN,NaN,NaN,NaN
bb190228-55b,Minke,0.434782608695652,0.55556,0.58824,0.47619,NaN,NaN,NaN,NaN,NaN,NaN
bb190228-55b,Minke,NaN,NaN,NaN,NaN,NaN,NaN,NaN,NaN,NaN,NaN
bb190228-55b,Minke,NaN,NaN,NaN,NaN,NaN,NaN,NaN,NaN,NaN,NaN
bb190228-55b,Minke,NaN,NaN,NaN,NaN,NaN,NaN,NaN,NaN,NaN,NaN
bb190228-55b,Minke,NaN,NaN,NaN,NaN,NaN,NaN,NaN,NaN,NaN,NaN
bb190228-55b,Minke,0.434782608695652,0.27027,0.45455,0.41667,0.4,0.41667,0.52632,NaN,NaN,NaN
bb190228-55b,Minke,0.625,0.5,0.76923,0.90909,NaN,NaN,NaN,NaN,NaN,NaN
bb190228-55b,Minke,NaN,NaN,NaN,NaN,NaN,NaN,NaN,NaN,NaN,NaN
bb190228-55b,Minke,NaN,NaN,NaN,NaN,NaN,NaN,NaN,NaN,NaN,NaN
bb190228-55b,Minke,NaN,NaN,NaN,NaN,NaN,NaN,NaN,NaN,NaN,NaN
bb190228-55b,Minke,NaN,NaN,NaN,NaN,NaN,NaN,NaN,NaN,NaN,NaN
bb190228-55b,Minke,NaN,NaN,NaN,NaN,NaN,NaN,NaN,NaN,NaN,NaN
bb190302-48,Minke,NaN,NaN,NaN,NaN,NaN,NaN,NaN,NaN,NaN,NaN
bb190302-48,Minke,NaN,NaN,NaN,NaN,NaN,NaN,NaN,NaN,NaN,NaN
bb190302-48,Minke,NaN,NaN,NaN,NaN,NaN,NaN,NaN,NaN,NaN,NaN
bb190302-48,Minke,NaN,NaN,NaN,NaN,NaN,NaN,NaN,NaN,NaN,NaN
bb190302-48,Minke,NaN,NaN,NaN,NaN,NaN,NaN,NaN,NaN,NaN,NaN
bb190302-48,Minke,NaN,NaN,NaN,NaN,NaN,NaN,NaN,NaN,NaN,NaN
bb190302-48,Minke,NaN,NaN,NaN,NaN,NaN,NaN,NaN,NaN,NaN,NaN
bb190302-48,Minke,NaN,NaN,NaN,NaN,NaN,NaN,NaN,NaN,NaN,NaN
bb190302-48,Minke,NaN,NaN,NaN,NaN,NaN,NaN,NaN,NaN,NaN,NaN
bb190302-48,Minke,NaN,NaN,NaN,NaN,NaN,NaN,NaN,NaN,NaN,NaN
bb190302-48,Minke,0.4,0.38462,0.38462,0.55556,NaN,NaN,NaN,NaN,NaN,NaN
bb190302-48,Minke,NaN,NaN,NaN,NaN,NaN,NaN,NaN,NaN,NaN,NaN
bb190302-48,Minke,0.476190476190476,0.43478,0.625,0.71429,0.52632,0.76923,0.76923,NaN,NaN,NaN
bb190302-48,Minke,NaN,NaN,NaN,NaN,NaN,NaN,NaN,NaN,NaN,NaN
bb190302-48,Minke,0.454545454545455,0.45455,0.52632,0.83333,NaN,NaN,NaN,NaN,NaN,NaN
bb190302-48,Minke,NaN,NaN,NaN,NaN,NaN,NaN,NaN,NaN,NaN,NaN
bb190302-48,Minke,NaN,NaN,NaN,NaN,NaN,NaN,NaN,NaN,NaN,NaN
bb190302-48,Minke,NaN,NaN,NaN,NaN,NaN,NaN,NaN,NaN,NaN,NaN
bb190302-48,Minke,0.333333333333333,0.71429,0.41667,0.45455,NaN,NaN,NaN,NaN,NaN,NaN
bb190302-48,Minke,NaN,NaN,NaN,NaN,NaN,NaN,NaN,NaN,NaN,NaN
bb190302-48,Minke,NaN,NaN,NaN,NaN,NaN,NaN,NaN,NaN,NaN,NaN
bb190302-48,Minke,NaN,NaN,NaN,NaN,NaN,NaN,NaN,NaN,NaN,NaN
bb190302-48,Minke,NaN,NaN,NaN,NaN,NaN,NaN,NaN,NaN,NaN,NaN
bb190302-48,Minke,NaN,NaN,NaN,NaN,NaN,NaN,NaN,NaN,NaN,NaN
bb190302-48,Minke,NaN,NaN,NaN,NaN,NaN,NaN,NaN,NaN,NaN,NaN
bb190302-48,Minke,NaN,NaN,NaN,NaN,NaN,NaN,NaN,NaN,NaN,NaN
bb190302-48,Minke,NaN,NaN,NaN,NaN,NaN,NaN,NaN,NaN,NaN,NaN
bb190302-48,Minke,NaN,NaN,NaN,NaN,NaN,NaN,NaN,NaN,NaN,NaN
bb190302-48,Minke,NaN,NaN,NaN,NaN,NaN,NaN,NaN,NaN,NaN,NaN
bb190302-48,Minke,0.476190476190476,0.32258,0.55556,0.47619,NaN,NaN,NaN,NaN,NaN,NaN
bb190302-52,Minke,0.384615384615385,0.76923,0.5,0.58824,0.76923,NaN,NaN,NaN,NaN,NaN
bb190302-52,Minke,NaN,NaN,NaN,NaN,NaN,NaN,NaN,NaN,NaN,NaN
bb190302-52,Minke,0.416666666666667,0.43478,0.58824,0.83333,NaN,NaN,NaN,NaN,NaN,NaN
bb190302-52,Minke,NaN,NaN,NaN,NaN,NaN,NaN,NaN,NaN,NaN,NaN
bb190302-52,Minke,0.454545454545455,0.66667,0.38462,0.625,0.83333,NaN,NaN,NaN,NaN,NaN
bb190302-52,Minke,NaN,NaN,NaN,NaN,NaN,NaN,NaN,NaN,NaN,NaN
bb190302-52,Minke,NaN,NaN,NaN,NaN,NaN,NaN,NaN,NaN,NaN,NaN
bb190302-52,Minke,NaN,NaN,NaN,NaN,NaN,NaN,NaN,NaN,NaN,NaN
bb190302-52,Minke,0.416666666666667,0.38462,0.55556,0.90909,NaN,NaN,NaN,NaN,NaN,NaN
bb190302-52,Minke,NaN,NaN,NaN,NaN,NaN,NaN,NaN,NaN,NaN,NaN
bb190302-52,Minke,NaN,NaN,NaN,NaN,NaN,NaN,NaN,NaN,NaN,NaN
bb190302-52,Minke,NaN,NaN,NaN,NaN,NaN,NaN,NaN,NaN,NaN,NaN
bb190302-52,Minke,NaN,NaN,NaN,NaN,NaN,NaN,NaN,NaN,NaN,NaN
bb190302-52,Minke,0.434782608695652,0.45455,0.625,0.83333,NaN,NaN,NaN,NaN,NaN,NaN
bb190302-52,Minke,NaN,NaN,0.38462,0.4,0.4,0.47619,0.71429,0.66667,0.55556,NaN
bb190302-52,Minke,NaN,NaN,NaN,NaN,NaN,NaN,NaN,NaN,NaN,NaN
bb190302-52,Minke,NaN,NaN,NaN,NaN,NaN,NaN,NaN,NaN,NaN,NaN
bb190302-52,Minke,NaN,NaN,NaN,NaN,NaN,NaN,NaN,NaN,NaN,NaN
bb190302-52,Minke,0.434782608695652,0.43478,0.55556,0.55556,0.55556,0.66667,NaN,NaN,NaN,NaN
bb190302-52,Minke,NaN,NaN,NaN,NaN,NaN,NaN,NaN,NaN,NaN,NaN
bb190302-52,Minke,NaN,NaN,NaN,NaN,NaN,NaN,NaN,NaN,NaN,NaN
bb190302-52,Minke,NaN,NaN,NaN,NaN,NaN,NaN,NaN,NaN,NaN,NaN
bb190302-52,Minke,NaN,NaN,NaN,NaN,NaN,NaN,NaN,NaN,NaN,NaN
bb190302-52,Minke,0.384615384615385,0.35714,0.47619,0.45455,0.43478,0.66667,NaN,NaN,NaN,NaN
bb190302-52,Minke,0.4,0.29412,0.30303,0.34483,0.38462,0.34483,0.33333,0.58824,0.71429,0.90909
bb190302-52,Minke,0.476190476190476,0.47619,0.71429,0.83333,NaN,NaN,NaN,NaN,NaN,NaN
bb190302-52,Minke,NaN,NaN,NaN,NaN,NaN,NaN,NaN,NaN,NaN,NaN
bb190302-52,Minke,NaN,NaN,NaN,NaN,NaN,NaN,NaN,NaN,NaN,NaN
bb190302-52,Minke,0.5,0.45455,0.625,0.55556,0.90909,1.1111,NaN,NaN,NaN,NaN
bb190302-52,Minke,0.434782608695652,0.58824,0.66667,0.66667,0.90909,NaN,NaN,NaN,NaN,NaN
bb190302-53,Minke,NaN,NaN,NaN,NaN,NaN,NaN,NaN,NaN,NaN,NaN
bb190302-53,Minke,0.37037037037037,0.55556,0.52632,1,NaN,NaN,NaN,NaN,NaN,NaN
bb190302-53,Minke,NaN,NaN,NaN,NaN,NaN,NaN,NaN,NaN,NaN,NaN
bb190302-53,Minke,NaN,NaN,NaN,NaN,NaN,NaN,NaN,NaN,NaN,NaN
bb190302-53,Minke,0.454545454545455,0.33333,0.38462,0.55556,1,NaN,NaN,NaN,NaN,NaN
bb190302-53,Minke,0.32258064516129,0.33333,0.52632,0.55556,0.52632,0.90909,NaN,NaN,NaN,NaN
bb190302-53,Minke,NaN,NaN,NaN,NaN,NaN,NaN,NaN,NaN,NaN,NaN
bb190302-53,Minke,NaN,NaN,NaN,NaN,NaN,NaN,NaN,NaN,NaN,NaN
bb190302-53,Minke,0.384615384615385,0.34483,0.25,0.3125,NaN,NaN,NaN,NaN,NaN,NaN
bb190302-53,Minke,NaN,NaN,NaN,NaN,NaN,NaN,NaN,NaN,NaN,NaN
bb190302-53,Minke,NaN,NaN,NaN,NaN,NaN,NaN,NaN,NaN,NaN,NaN
bb190302-53,Minke,NaN,NaN,NaN,NaN,NaN,NaN,NaN,NaN,NaN,NaN
bb190302-53,Minke,NaN,NaN,NaN,NaN,NaN,NaN,NaN,NaN,NaN,NaN
bb190302-53,Minke,0.357142857142857,0.45455,0.625,0.625,NaN,NaN,NaN,NaN,NaN,NaN
bb190302-53,Minke,NaN,NaN,NaN,NaN,NaN,NaN,NaN,NaN,NaN,NaN
bb190302-53,Minke,0.476190476190476,0.52632,0.43478,0.625,0.83333,NaN,NaN,NaN,NaN,NaN
bb190302-53,Minke,NaN,NaN,NaN,NaN,NaN,NaN,NaN,NaN,NaN,NaN
bb190302-53,Minke,0.256410256410256,0.66667,0.45455,0.55556,0.52632,NaN,NaN,NaN,NaN,NaN
bb190302-53,Minke,NaN,NaN,NaN,NaN,NaN,NaN,NaN,NaN,NaN,NaN
bb190302-53,Minke,NaN,NaN,NaN,NaN,NaN,NaN,NaN,NaN,NaN,NaN
bb190302-53,Minke,0.416666666666667,0.47619,0.76923,0.76923,NaN,NaN,NaN,NaN,NaN,NaN
bb190302-53,Minke,NaN,NaN,NaN,NaN,NaN,NaN,NaN,NaN,NaN,NaN
bb190302-53,Minke,NaN,NaN,NaN,NaN,NaN,NaN,NaN,NaN,NaN,NaN
bb190302-53,Minke,NaN,NaN,NaN,NaN,NaN,NaN,NaN,NaN,NaN,NaN
bb190302-53,Minke,NaN,NaN,NaN,NaN,NaN,NaN,NaN,NaN,NaN,NaN
bb190302-53,Minke,NaN,NaN,NaN,NaN,NaN,NaN,NaN,NaN,NaN,NaN
bb190302-53,Minke,NaN,NaN,NaN,NaN,NaN,NaN,NaN,NaN,NaN,NaN
bb190302-53,Minke,NaN,NaN,NaN,NaN,NaN,NaN,NaN,NaN,NaN,NaN
bb190302-53,Minke,NaN,NaN,NaN,NaN,NaN,NaN,NaN,NaN,NaN,NaN
bb190302-53,Minke,0.4,0.47619,0.34483,0.47619,0.83333,NaN,NaN,NaN,NaN,NaN
bb190304-18,Minke,0.454545454545455,0.625,0.55556,0.66667,0.76923,NaN,NaN,NaN,NaN,NaN
bb190304-18,Minke,0.454545454545455,0.45455,0.55556,0.66667,0.71429,0.83333,NaN,NaN,NaN,NaN
bb190304-18,Minke,0.434782608695652,0.58824,0.76923,0.90909,NaN,NaN,NaN,NaN,NaN,NaN
bb190304-18,Minke,0.588235294117647,0.58824,0.76923,1.1111,1.1111,NaN,NaN,NaN,NaN,NaN
bb190304-18,Minke,0.384615384615385,0.52632,0.52632,0.625,0.71429,NaN,NaN,NaN,NaN,NaN
bb190304-18,Minke,0.454545454545455,0.55556,0.58824,0.90909,0.83333,NaN,NaN,NaN,NaN,NaN
bb190304-18,Minke,NaN,NaN,NaN,NaN,NaN,NaN,NaN,NaN,NaN,NaN
bb190304-18,Minke,0.5,0.625,0.52632,0.71429,0.76923,NaN,NaN,NaN,NaN,NaN
bb190304-18,Minke,0.416666666666667,0.52632,0.5,0.625,0.66667,1,NaN,NaN,NaN,NaN
bb190304-18,Minke,0.526315789473684,0.45455,0.66667,0.66667,0.5,0.58824,1.1111,NaN,NaN,NaN
bb190304-18,Minke,NaN,NaN,NaN,NaN,NaN,NaN,NaN,NaN,NaN,NaN
bb190304-18,Minke,0.476190476190476,0.43478,0.66667,0.76923,NaN,NaN,NaN,NaN,NaN,NaN
bb190304-18,Minke,0.434782608695652,0.58824,0.71429,0.76923,1,NaN,NaN,NaN,NaN,NaN
bb190304-18,Minke,0.588235294117647,0.34483,0.71429,0.83333,1,NaN,NaN,NaN,NaN,NaN
bb190304-18,Minke,NaN,NaN,NaN,NaN,NaN,NaN,NaN,NaN,NaN,NaN
bb190304-18,Minke,0.625,0.38462,0.625,0.71429,1,NaN,NaN,NaN,NaN,NaN
bb190304-18,Minke,0.454545454545455,0.71429,0.4,0.625,0.76923,NaN,NaN,NaN,NaN,NaN
bb190304-18,Minke,0.434782608695652,0.52632,0.66667,0.76923,NaN,NaN,NaN,NaN,NaN,NaN
bb190304-18,Minke,0.434782608695652,0.76923,0.35714,0.58824,0.71429,NaN,NaN,NaN,NaN,NaN
bb190304-18,Minke,NaN,NaN,NaN,NaN,NaN,NaN,NaN,NaN,NaN,NaN
bb190304-18,Minke,0.434782608695652,0.58824,0.58824,0.58824,0.52632,NaN,NaN,NaN,NaN,NaN
bb190304-18,Minke,0.476190476190476,0.30303,0.55556,0.4,1,1,1,NaN,NaN,NaN
bb190304-18,Minke,0.476190476190476,0.52632,0.71429,0.66667,NaN,NaN,NaN,NaN,NaN,NaN
bb190304-18,Minke,0.454545454545455,0.35714,0.41667,0.52632,0.58824,0.76923,NaN,NaN,NaN,NaN
bb190304-18,Minke,0.434782608695652,0.4,0.625,0.625,0.71429,NaN,NaN,NaN,NaN,NaN
bb190304-18,Minke,0.434782608695652,0.55556,0.58824,0.66667,NaN,NaN,NaN,NaN,NaN,NaN
bb190304-18,Minke,NaN,NaN,NaN,NaN,NaN,NaN,NaN,NaN,NaN,NaN
bb190304-18,Minke,0.476190476190476,0.66667,0.55556,0.52632,0.90909,NaN,NaN,NaN,NaN,NaN
bb190304-18,Minke,0.384615384615385,0.45455,0.66667,0.90909,NaN,NaN,NaN,NaN,NaN,NaN
bb190304-18,Minke,NaN,NaN,NaN,NaN,NaN,NaN,NaN,NaN,NaN,NaN
bb190309-52,Minke,NaN,NaN,NaN,NaN,NaN,NaN,NaN,NaN,NaN,NaN
bb190309-52,Minke,0.909090909090909,0.52632,0.625,0.76923,NaN,NaN,NaN,NaN,NaN,NaN
bb190309-52,Minke,NaN,NaN,NaN,NaN,NaN,NaN,NaN,NaN,NaN,NaN
bb190309-52,Minke,NaN,NaN,NaN,NaN,NaN,NaN,NaN,NaN,NaN,NaN
bb190309-52,Minke,NaN,NaN,NaN,NaN,NaN,NaN,NaN,NaN,NaN,NaN
bb190309-52,Minke,0.416666666666667,0.3125,0.37037,0.38462,0.5,NaN,NaN,NaN,NaN,NaN
bb190309-52,Minke,NaN,NaN,NaN,NaN,NaN,NaN,NaN,NaN,NaN,NaN
bb190309-52,Minke,NaN,NaN,NaN,NaN,NaN,NaN,NaN,NaN,NaN,NaN
bb190309-52,Minke,0.434782608695652,0.55556,0.55556,1.1111,0.90909,NaN,NaN,NaN,NaN,NaN
bb190309-52,Minke,NaN,NaN,NaN,NaN,NaN,NaN,NaN,NaN,NaN,NaN
bb190309-52,Minke,0.454545454545455,0.47619,0.58824,0.90909,NaN,NaN,NaN,NaN,NaN,NaN
bb190309-52,Minke,0.476190476190476,0.43478,0.58824,0.71429,1,NaN,NaN,NaN,NaN,NaN
bb190309-52,Minke,NaN,NaN,NaN,NaN,NaN,NaN,NaN,NaN,NaN,NaN
bb190309-52,Minke,NaN,NaN,0.55556,0.5,0.71429,NaN,NaN,NaN,NaN,NaN
bb190309-52,Minke,0.526315789473684,0.5,0.90909,0.83333,NaN,NaN,NaN,NaN,NaN,NaN
bb190309-52,Minke,0.454545454545455,0.4,0.47619,0.52632,0.625,NaN,NaN,NaN,NaN,NaN
bb190309-52,Minke,NaN,NaN,NaN,NaN,NaN,NaN,NaN,NaN,NaN,NaN
bb190309-52,Minke,NaN,NaN,NaN,NaN,NaN,NaN,NaN,NaN,NaN,NaN
bb190309-52,Minke,0.416666666666667,0.41667,0.625,0.90909,NaN,NaN,NaN,NaN,NaN,NaN
bb190309-52,Minke,0.5,0.38462,0.58824,0.71429,NaN,NaN,NaN,NaN,NaN,NaN
bb190309-52,Minke,0.526315789473684,0.41667,0.43478,0.58824,NaN,NaN,NaN,NaN,NaN,NaN
bb190309-52,Minke,NaN,NaN,NaN,NaN,NaN,NaN,NaN,NaN,NaN,NaN
bb190309-52,Minke,NaN,NaN,NaN,NaN,NaN,NaN,NaN,NaN,NaN,NaN
bb190309-52,Minke,0.5,0.45455,0.66667,0.83333,NaN,NaN,NaN,NaN,NaN,NaN
bb190309-52,Minke,NaN,NaN,NaN,NaN,NaN,NaN,NaN,NaN,NaN,NaN
bb190309-52,Minke,0.37037037037037,0.41667,0.71429,0.58824,NaN,NaN,NaN,NaN,NaN,NaN
bb190309-52,Minke,NaN,NaN,NaN,NaN,NaN,NaN,NaN,NaN,NaN,NaN
bb190309-52,Minke,NaN,NaN,NaN,NaN,NaN,NaN,NaN,NaN,NaN,NaN
bb190309-52,Minke,NaN,NaN,NaN,NaN,NaN,NaN,NaN,NaN,NaN,NaN
bb190309-52,Minke,NaN,NaN,NaN,NaN,NaN,NaN,NaN,NaN,NaN,NaN
bp180828-44,Fin,NaN,NaN,NaN,NaN,NaN,NaN,NaN,NaN,NaN,NaN
bp180828-44,Fin,NaN,NaN,NaN,NaN,NaN,NaN,NaN,NaN,NaN,NaN
bp180828-44,Fin,NaN,NaN,NaN,NaN,NaN,NaN,NaN,NaN,NaN,NaN
bp180828-44,Fin,NaN,NaN,NaN,NaN,NaN,NaN,NaN,NaN,NaN,NaN
bp180828-44,Fin,NaN,NaN,NaN,NaN,NaN,NaN,NaN,NaN,NaN,NaN
bp180828-44,Fin,NaN,NaN,NaN,NaN,NaN,NaN,NaN,NaN,NaN,NaN
bp180828-44,Fin,NaN,NaN,NaN,NaN,NaN,NaN,NaN,NaN,NaN,NaN
bp180828-44,Fin,0.24390243902439,0.17544,0.22222,0.29412,0.30303,NaN,NaN,NaN,NaN,NaN
bp180828-44,Fin,NaN,NaN,NaN,NaN,NaN,NaN,NaN,NaN,NaN,NaN
bp180828-44,Fin,NaN,NaN,NaN,NaN,NaN,NaN,NaN,NaN,NaN,NaN
bp180828-44,Fin,NaN,NaN,NaN,NaN,NaN,NaN,NaN,NaN,NaN,NaN
bp180828-44,Fin,NaN,NaN,NaN,NaN,NaN,NaN,NaN,NaN,NaN,NaN
bp180828-44,Fin,NaN,NaN,NaN,NaN,NaN,NaN,NaN,NaN,NaN,NaN
bp180828-44,Fin,NaN,NaN,NaN,NaN,NaN,NaN,NaN,NaN,NaN,NaN
bp180828-44,Fin,NaN,NaN,NaN,NaN,NaN,NaN,NaN,NaN,NaN,NaN
bp180828-44,Fin,NaN,NaN,NaN,NaN,NaN,NaN,NaN,NaN,NaN,NaN
bp180828-44,Fin,NaN,NaN,NaN,NaN,NaN,NaN,NaN,NaN,NaN,NaN
bp180828-44,Fin,0.181818181818182,0.43478,0.25641,0.37037,NaN,NaN,NaN,NaN,NaN,NaN
bp180828-44,Fin,NaN,NaN,NaN,NaN,NaN,NaN,NaN,NaN,NaN,NaN
bp180828-44,Fin,NaN,NaN,NaN,NaN,NaN,NaN,NaN,NaN,NaN,NaN
bp180828-44,Fin,NaN,NaN,NaN,NaN,NaN,NaN,NaN,NaN,NaN,NaN
bp180828-44,Fin,NaN,NaN,NaN,NaN,NaN,NaN,NaN,NaN,NaN,NaN
bp180828-44,Fin,NaN,NaN,NaN,NaN,NaN,NaN,NaN,NaN,NaN,NaN
bp180828-44,Fin,NaN,NaN,NaN,NaN,NaN,NaN,NaN,NaN,NaN,NaN
bp180828-44,Fin,NaN,NaN,NaN,NaN,NaN,NaN,NaN,NaN,NaN,NaN
bp180828-44,Fin,NaN,NaN,NaN,NaN,NaN,NaN,NaN,NaN,NaN,NaN
bp180828-44,Fin,NaN,NaN,NaN,NaN,NaN,NaN,NaN,NaN,NaN,NaN
bp180828-44,Fin,NaN,NaN,NaN,NaN,NaN,NaN,NaN,NaN,NaN,NaN
bp180828-44,Fin,NaN,NaN,NaN,NaN,NaN,NaN,NaN,NaN,NaN,NaN
bp180828-44,Fin,NaN,NaN,NaN,NaN,NaN,NaN,NaN,NaN,NaN,NaN
bw170813-44,Blue,NaN,NaN,NaN,NaN,NaN,NaN,NaN,NaN,NaN,NaN
bw170813-44,Blue,NaN,NaN,NaN,NaN,NaN,NaN,NaN,NaN,NaN,NaN
bw170813-44,Blue,NaN,NaN,NaN,NaN,NaN,NaN,NaN,NaN,NaN,NaN
bw170813-44,Blue,0.102040816326531,0.13889,0.2381,0.23256,NaN,NaN,NaN,NaN,NaN,NaN
bw170813-44,Blue,NaN,NaN,NaN,NaN,NaN,NaN,NaN,NaN,NaN,NaN
bw170813-44,Blue,0.10989010989011,0.11111,0.15873,0.2381,NaN,NaN,NaN,NaN,NaN,NaN
bw170813-44,Blue,0.126582278481013,0.11364,0.20408,0.28571,NaN,NaN,NaN,NaN,NaN,NaN
bw170813-44,Blue,NaN,NaN,NaN,NaN,NaN,NaN,NaN,NaN,NaN,NaN
bw170813-44,Blue,NaN,NaN,0.17241,0.20833,0.33333,NaN,NaN,NaN,NaN,NaN
bw170813-44,Blue,0.126582278481013,0.13158,0.18868,0.27027,NaN,NaN,NaN,NaN,NaN,NaN
bw170813-44,Blue,NaN,NaN,NaN,NaN,NaN,NaN,NaN,NaN,NaN,NaN
bw170813-44,Blue,0.12987012987013,0.15625,0.17241,0.28571,NaN,NaN,NaN,NaN,NaN,NaN
bw170813-44,Blue,NaN,NaN,NaN,NaN,NaN,NaN,NaN,NaN,NaN,NaN
bw170813-44,Blue,NaN,NaN,NaN,NaN,NaN,NaN,NaN,NaN,NaN,NaN
bw170813-44,Blue,0.131578947368421,0.13514,0.23256,0.29412,NaN,NaN,NaN,NaN,NaN,NaN
bw170813-44,Blue,NaN,NaN,NaN,NaN,NaN,NaN,NaN,NaN,NaN,NaN
bw170813-44,Blue,NaN,NaN,NaN,NaN,NaN,NaN,NaN,NaN,NaN,NaN
bw170813-44,Blue,0.117647058823529,0.16949,0.18868,0.26316,NaN,NaN,NaN,NaN,NaN,NaN
bw170813-44,Blue,0.103092783505155,0.13158,0.17241,0.18182,NaN,NaN,NaN,NaN,NaN,NaN
bw170813-44,Blue,NaN,NaN,NaN,NaN,NaN,NaN,NaN,NaN,NaN,NaN
bw170813-44,Blue,0.12987012987013,0.20408,0.2,0.29412,NaN,NaN,NaN,NaN,NaN,NaN
bw170813-44,Blue,NaN,NaN,NaN,NaN,NaN,NaN,NaN,NaN,NaN,NaN
bw170813-44,Blue,NaN,NaN,NaN,NaN,NaN,NaN,NaN,NaN,NaN,NaN
bw170813-44,Blue,NaN,NaN,NaN,NaN,NaN,NaN,NaN,NaN,NaN,NaN
bw170813-44,Blue,NaN,NaN,NaN,NaN,NaN,NaN,NaN,NaN,NaN,NaN
bw170813-44,Blue,0.106382978723404,0.15625,0.23256,0.32258,NaN,NaN,NaN,NaN,NaN,NaN
bw170813-44,Blue,0.117647058823529,0.13158,0.18182,0.28571,NaN,NaN,NaN,NaN,NaN,NaN
bw170813-44,Blue,0.108695652173913,0.14085,0.25641,0.3125,NaN,NaN,NaN,NaN,NaN,NaN
bw170813-44,Blue,0.105263157894737,0.13158,0.2,0.27027,NaN,NaN,NaN,NaN,NaN,NaN
bw170813-44,Blue,NaN,NaN,NaN,NaN,NaN,NaN,NaN,NaN,NaN,NaN
bw170814-31,Blue,NaN,NaN,NaN,NaN,NaN,NaN,NaN,NaN,NaN,NaN
bw170814-31,Blue,NaN,NaN,NaN,NaN,NaN,NaN,NaN,NaN,NaN,NaN
bw170814-31,Blue,NaN,NaN,NaN,NaN,NaN,NaN,NaN,NaN,NaN,NaN
bw170814-31,Blue,NaN,NaN,NaN,NaN,NaN,NaN,NaN,NaN,NaN,NaN
bw170814-31,Blue,NaN,NaN,NaN,NaN,NaN,NaN,NaN,NaN,NaN,NaN
bw170814-31,Blue,NaN,NaN,NaN,NaN,NaN,NaN,NaN,NaN,NaN,NaN
bw170814-31,Blue,NaN,NaN,NaN,NaN,NaN,NaN,NaN,NaN,NaN,NaN
bw170814-31,Blue,NaN,NaN,NaN,NaN,NaN,NaN,NaN,NaN,NaN,NaN
bw170814-31,Blue,NaN,NaN,NaN,NaN,NaN,NaN,NaN,NaN,NaN,NaN
bw170814-31,Blue,NaN,NaN,NaN,NaN,NaN,NaN,NaN,NaN,NaN,NaN
bw170814-31,Blue,NaN,NaN,NaN,NaN,NaN,NaN,NaN,NaN,NaN,NaN
bw170814-31,Blue,NaN,NaN,NaN,NaN,NaN,NaN,NaN,NaN,NaN,NaN
bw170814-31,Blue,NaN,NaN,NaN,NaN,NaN,NaN,NaN,NaN,NaN,NaN
bw170814-31,Blue,NaN,NaN,NaN,NaN,NaN,NaN,NaN,NaN,NaN,NaN
bw170814-31,Blue,NaN,NaN,NaN,NaN,NaN,NaN,NaN,NaN,NaN,NaN
bw170814-31,Blue,0.161290322580645,0.20833,0.23256,0.38462,NaN,NaN,NaN,NaN,NaN,NaN
bw170814-31,Blue,NaN,NaN,NaN,NaN,NaN,NaN,NaN,NaN,NaN,NaN
bw170814-31,Blue,NaN,NaN,NaN,NaN,NaN,NaN,NaN,NaN,NaN,NaN
bw170814-31,Blue,NaN,NaN,NaN,NaN,NaN,NaN,NaN,NaN,NaN,NaN
bw170814-31,Blue,0.153846153846154,0.2381,0.27778,0.22727,NaN,NaN,NaN,NaN,NaN,NaN
bw170814-31,Blue,0.166666666666667,0.19608,0.2381,0.28571,NaN,NaN,NaN,NaN,NaN,NaN
bw170814-31,Blue,NaN,NaN,NaN,NaN,NaN,NaN,NaN,NaN,NaN,NaN
bw170814-31,Blue,NaN,NaN,NaN,NaN,NaN,NaN,NaN,NaN,NaN,NaN
bw170814-31,Blue,NaN,NaN,NaN,NaN,NaN,NaN,NaN,NaN,NaN,NaN
bw170814-31,Blue,NaN,NaN,NaN,NaN,NaN,NaN,NaN,NaN,NaN,NaN
bw170814-31,Blue,NaN,NaN,NaN,NaN,NaN,NaN,NaN,NaN,NaN,NaN
bw170814-31,Blue,NaN,NaN,NaN,NaN,NaN,NaN,NaN,NaN,NaN,NaN
bw170814-31,Blue,NaN,NaN,NaN,NaN,NaN,NaN,NaN,NaN,NaN,NaN
bw170814-31,Blue,NaN,NaN,NaN,NaN,NaN,NaN,NaN,NaN,NaN,NaN
bw170814-31,Blue,NaN,NaN,NaN,NaN,NaN,NaN,NaN,NaN,NaN,NaN
bw170814-40,Blue,NaN,NaN,NaN,NaN,NaN,NaN,NaN,NaN,NaN,NaN
bw170814-40,Blue,NaN,NaN,NaN,NaN,NaN,NaN,NaN,NaN,NaN,NaN
bw170814-40,Blue,NaN,NaN,NaN,NaN,NaN,NaN,NaN,NaN,NaN,NaN
bw170814-40,Blue,0.116279069767442,0.21739,0.21739,0.29412,NaN,NaN,NaN,NaN,NaN,NaN
bw170814-40,Blue,NaN,NaN,NaN,NaN,NaN,NaN,NaN,NaN,NaN,NaN
bw170814-40,Blue,NaN,NaN,NaN,NaN,NaN,NaN,NaN,NaN,NaN,NaN
bw170814-40,Blue,NaN,NaN,NaN,NaN,NaN,NaN,NaN,NaN,NaN,NaN
bw170814-40,Blue,NaN,NaN,NaN,NaN,NaN,NaN,NaN,NaN,NaN,NaN
bw170814-40,Blue,NaN,NaN,NaN,NaN,NaN,NaN,NaN,NaN,NaN,NaN
bw170814-40,Blue,NaN,NaN,NaN,NaN,NaN,NaN,NaN,NaN,NaN,NaN
bw170814-40,Blue,NaN,NaN,NaN,NaN,NaN,NaN,NaN,NaN,NaN,NaN
bw170814-40,Blue,NaN,NaN,NaN,NaN,NaN,NaN,NaN,NaN,NaN,NaN
bw170814-40,Blue,NaN,NaN,NaN,NaN,NaN,NaN,NaN,NaN,NaN,NaN
bw170814-40,Blue,NaN,NaN,NaN,NaN,NaN,NaN,NaN,NaN,NaN,NaN
bw170814-40,Blue,NaN,NaN,NaN,NaN,NaN,NaN,NaN,NaN,NaN,NaN
bw170814-40,Blue,NaN,NaN,NaN,NaN,NaN,NaN,NaN,NaN,NaN,NaN
bw170814-40,Blue,NaN,NaN,NaN,NaN,NaN,NaN,NaN,NaN,NaN,NaN
bw170814-40,Blue,NaN,NaN,NaN,NaN,NaN,NaN,NaN,NaN,NaN,NaN
bw170814-40,Blue,NaN,NaN,NaN,NaN,NaN,NaN,NaN,NaN,NaN,NaN
bw170814-40,Blue,NaN,NaN,NaN,NaN,NaN,NaN,NaN,NaN,NaN,NaN
bw170814-40,Blue,NaN,NaN,NaN,0.19608,0.26316,0.25641,NaN,NaN,NaN,NaN
bw170814-40,Blue,NaN,NaN,NaN,NaN,NaN,NaN,NaN,NaN,NaN,NaN
bw170814-40,Blue,NaN,NaN,NaN,NaN,NaN,NaN,NaN,NaN,NaN,NaN
bw170814-40,Blue,NaN,NaN,NaN,NaN,NaN,NaN,NaN,NaN,NaN,NaN
bw170814-40,Blue,NaN,NaN,NaN,NaN,NaN,NaN,NaN,NaN,NaN,NaN
bw170814-40,Blue,NaN,NaN,NaN,NaN,NaN,NaN,NaN,NaN,NaN,NaN
bw170814-40,Blue,NaN,NaN,NaN,NaN,NaN,NaN,NaN,NaN,NaN,NaN
bw170814-40,Blue,NaN,NaN,NaN,NaN,NaN,NaN,NaN,NaN,NaN,NaN
bw170814-40,Blue,NaN,NaN,NaN,NaN,NaN,NaN,NaN,NaN,NaN,NaN
bw170814-40,Blue,NaN,NaN,NaN,NaN,NaN,NaN,NaN,NaN,NaN,NaN
bw170814-50,Blue,0.120481927710843,0.12048,0.11364,0.20408,0.3125,NaN,NaN,NaN,NaN,NaN
bw170814-50,Blue,NaN,NaN,NaN,NaN,NaN,NaN,NaN,NaN,NaN,NaN
bw170814-50,Blue,NaN,NaN,NaN,NaN,NaN,NaN,NaN,NaN,NaN,NaN
bw170814-50,Blue,NaN,NaN,NaN,NaN,NaN,NaN,NaN,NaN,NaN,NaN
bw170814-50,Blue,0.113636363636364,0.17857,0.21277,0.33333,NaN,NaN,NaN,NaN,NaN,NaN
bw170814-50,Blue,NaN,NaN,NaN,NaN,NaN,NaN,NaN,NaN,NaN,NaN
bw170814-50,Blue,NaN,NaN,NaN,NaN,NaN,NaN,NaN,NaN,NaN,NaN
bw170814-50,Blue,0.140845070422535,0.21739,0.23256,0.18182,NaN,NaN,NaN,NaN,NaN,NaN
bw170814-50,Blue,NaN,NaN,NaN,NaN,NaN,NaN,NaN,NaN,NaN,NaN
bw170814-50,Blue,0.0925925925925926,0.18519,0.2,0.21739,NaN,NaN,NaN,NaN,NaN,NaN
bw170814-50,Blue,0.108695652173913,0.16949,0.28571,0.4,NaN,NaN,NaN,NaN,NaN,NaN
bw170814-50,Blue,NaN,NaN,NaN,NaN,NaN,NaN,NaN,NaN,NaN,NaN
bw170814-50,Blue,NaN,NaN,NaN,NaN,NaN,NaN,NaN,NaN,NaN,NaN
bw170814-50,Blue,NaN,NaN,NaN,NaN,NaN,NaN,NaN,NaN,NaN,NaN
bw170814-50,Blue,NaN,NaN,NaN,NaN,NaN,NaN,NaN,NaN,NaN,NaN
bw170814-50,Blue,NaN,NaN,NaN,NaN,NaN,NaN,NaN,NaN,NaN,NaN
bw170814-50,Blue,NaN,NaN,NaN,NaN,NaN,NaN,NaN,NaN,NaN,NaN
bw170814-50,Blue,NaN,NaN,NaN,NaN,NaN,NaN,NaN,NaN,NaN,NaN
bw170814-50,Blue,NaN,NaN,NaN,NaN,NaN,NaN,NaN,NaN,NaN,NaN
bw170814-50,Blue,0.121951219512195,0.18182,0.21739,0.2439,NaN,NaN,NaN,NaN,NaN,NaN
bw170814-50,Blue,NaN,NaN,NaN,NaN,NaN,NaN,NaN,NaN,NaN,NaN
bw170814-50,Blue,NaN,NaN,NaN,NaN,NaN,NaN,NaN,NaN,NaN,NaN
bw170814-50,Blue,0.103092783505155,0.14286,0.22222,0.16667,NaN,NaN,NaN,NaN,NaN,NaN
bw170814-50,Blue,NaN,NaN,NaN,NaN,NaN,NaN,NaN,NaN,NaN,NaN
bw170814-50,Blue,NaN,NaN,NaN,NaN,NaN,NaN,NaN,NaN,NaN,NaN
bw170814-50,Blue,NaN,NaN,NaN,NaN,NaN,NaN,NaN,NaN,NaN,NaN
bw170814-50,Blue,0.116279069767442,0.17857,0.21739,0.2439,0.29412,NaN,NaN,NaN,NaN,NaN
bw170814-50,Blue,NaN,NaN,NaN,NaN,NaN,NaN,NaN,NaN,NaN,NaN
bw170814-50,Blue,NaN,NaN,NaN,NaN,NaN,NaN,NaN,NaN,NaN,NaN
bw170814-50,Blue,NaN,NaN,NaN,NaN,NaN,NaN,NaN,NaN,NaN,NaN
bw170814-51,Blue,NaN,NaN,NaN,NaN,NaN,NaN,NaN,NaN,NaN,NaN
bw170814-51,Blue,NaN,NaN,NaN,NaN,NaN,NaN,NaN,NaN,NaN,NaN
bw170814-51,Blue,NaN,NaN,NaN,NaN,NaN,NaN,NaN,NaN,NaN,NaN
bw170814-51,Blue,NaN,NaN,NaN,NaN,NaN,NaN,NaN,NaN,NaN,NaN
bw170814-51,Blue,NaN,NaN,NaN,NaN,NaN,NaN,NaN,NaN,NaN,NaN
bw170814-51,Blue,NaN,NaN,NaN,NaN,NaN,NaN,NaN,NaN,NaN,NaN
bw170814-51,Blue,NaN,NaN,NaN,NaN,NaN,NaN,NaN,NaN,NaN,NaN
bw170814-51,Blue,NaN,NaN,NaN,NaN,NaN,NaN,NaN,NaN,NaN,NaN
bw170814-51,Blue,NaN,NaN,NaN,NaN,NaN,NaN,NaN,NaN,NaN,NaN
bw170814-51,Blue,NaN,NaN,NaN,NaN,NaN,NaN,NaN,NaN,NaN,NaN
bw170814-51,Blue,NaN,NaN,NaN,NaN,NaN,NaN,NaN,NaN,NaN,NaN
bw170814-51,Blue,NaN,NaN,NaN,NaN,NaN,NaN,NaN,NaN,NaN,NaN
bw170814-51,Blue,NaN,NaN,NaN,NaN,NaN,NaN,NaN,NaN,NaN,NaN
bw170814-51,Blue,NaN,NaN,NaN,NaN,NaN,NaN,NaN,NaN,NaN,NaN
bw170814-51,Blue,NaN,NaN,NaN,NaN,NaN,NaN,NaN,NaN,NaN,NaN
bw170814-51,Blue,NaN,NaN,NaN,NaN,NaN,NaN,NaN,NaN,NaN,NaN
bw170814-51,Blue,0.192307692307692,0.20408,0.27027,0.30303,NaN,NaN,NaN,NaN,NaN,NaN
bw170814-51,Blue,NaN,NaN,NaN,NaN,NaN,NaN,NaN,NaN,NaN,NaN
bw170814-51,Blue,NaN,NaN,NaN,NaN,NaN,NaN,NaN,NaN,NaN,NaN
bw170814-51,Blue,NaN,NaN,NaN,NaN,NaN,NaN,NaN,NaN,NaN,NaN
bw170814-51,Blue,0.163934426229508,0.2381,0.2381,0.30303,NaN,NaN,NaN,NaN,NaN,NaN
bw170814-51,Blue,NaN,NaN,NaN,NaN,NaN,NaN,NaN,NaN,NaN,NaN
bw170814-51,Blue,NaN,NaN,NaN,NaN,NaN,NaN,NaN,NaN,NaN,NaN
bw170814-51,Blue,NaN,NaN,NaN,NaN,NaN,NaN,NaN,NaN,NaN,NaN
bw170814-51,Blue,NaN,NaN,NaN,NaN,NaN,NaN,NaN,NaN,NaN,NaN
bw170814-51,Blue,NaN,NaN,NaN,NaN,NaN,NaN,NaN,NaN,NaN,NaN
bw170814-51,Blue,NaN,NaN,NaN,NaN,NaN,NaN,NaN,NaN,NaN,NaN
bw170814-51,Blue,0.161290322580645,0.14493,0.20408,0.2439,NaN,NaN,NaN,NaN,NaN,NaN
bw170814-51,Blue,NaN,NaN,NaN,NaN,NaN,NaN,NaN,NaN,NaN,NaN
bw170814-51,Blue,NaN,NaN,NaN,NaN,NaN,NaN,NaN,NaN,NaN,NaN
bw170815-28,Blue,NaN,NaN,NaN,NaN,NaN,NaN,NaN,NaN,NaN,NaN
bw170815-28,Blue,NaN,NaN,NaN,NaN,NaN,NaN,NaN,NaN,NaN,NaN
bw170815-28,Blue,NaN,NaN,NaN,NaN,NaN,NaN,NaN,NaN,NaN,NaN
bw170815-28,Blue,NaN,NaN,NaN,NaN,NaN,NaN,NaN,NaN,NaN,NaN
bw170815-28,Blue,0.135135135135135,0.17857,0.19608,0.23256,NaN,NaN,NaN,NaN,NaN,NaN
bw170815-28,Blue,0.144927536231884,0.17544,0.27778,0.37037,NaN,NaN,NaN,NaN,NaN,NaN
bw170815-28,Blue,0.116279069767442,0.18182,0.25,0.29412,NaN,NaN,NaN,NaN,NaN,NaN
bw170815-28,Blue,NaN,NaN,NaN,NaN,NaN,NaN,NaN,NaN,NaN,NaN
bw170815-28,Blue,0.123456790123457,0.14706,0.18519,0.2381,0.27027,NaN,NaN,NaN,NaN,NaN
bw170815-28,Blue,NaN,NaN,NaN,NaN,NaN,NaN,NaN,NaN,NaN,NaN
bw170815-28,Blue,0.133333333333333,0.16393,0.18182,0.33333,NaN,NaN,NaN,NaN,NaN,NaN
bw170815-28,Blue,NaN,NaN,NaN,NaN,NaN,NaN,NaN,NaN,NaN,NaN
bw170815-28,Blue,NaN,NaN,NaN,NaN,NaN,NaN,NaN,NaN,NaN,NaN
bw170815-28,Blue,0.120481927710843,0.18519,0.21277,0.27778,NaN,NaN,NaN,NaN,NaN,NaN
bw170815-28,Blue,NaN,NaN,NaN,NaN,NaN,NaN,NaN,NaN,NaN,NaN
bw170815-28,Blue,NaN,NaN,NaN,NaN,NaN,NaN,NaN,NaN,NaN,NaN
bw170815-28,Blue,NaN,NaN,NaN,NaN,NaN,NaN,NaN,NaN,NaN,NaN
bw170815-28,Blue,NaN,NaN,NaN,NaN,NaN,NaN,NaN,NaN,NaN,NaN
bw170815-28,Blue,NaN,NaN,NaN,NaN,NaN,NaN,NaN,NaN,NaN,NaN
bw170815-28,Blue,NaN,NaN,NaN,NaN,NaN,NaN,NaN,NaN,NaN,NaN
bw170815-28,Blue,0.126582278481013,0.15873,0.19231,0.25641,0.2439,0.21277,0.33333,NaN,NaN,NaN
bw170815-28,Blue,NaN,NaN,NaN,NaN,NaN,NaN,NaN,NaN,NaN,NaN
bw170815-28,Blue,0.133333333333333,0.2,0.2439,0.2439,0.32258,NaN,NaN,NaN,NaN,NaN
bw170815-28,Blue,NaN,NaN,NaN,NaN,NaN,NaN,NaN,NaN,NaN,NaN
bw170815-28,Blue,NaN,NaN,NaN,NaN,NaN,NaN,NaN,NaN,NaN,NaN
bw170815-28,Blue,0.12987012987013,0.2,0.18182,0.26316,NaN,NaN,NaN,NaN,NaN,NaN
bw170815-28,Blue,NaN,NaN,NaN,NaN,NaN,NaN,NaN,NaN,NaN,NaN
bw170815-28,Blue,NaN,NaN,NaN,NaN,NaN,NaN,NaN,NaN,NaN,NaN
bw170815-28,Blue,NaN,NaN,NaN,NaN,NaN,NaN,NaN,NaN,NaN,NaN
bw170815-28,Blue,NaN,NaN,NaN,NaN,NaN,NaN,NaN,NaN,NaN,NaN
bw170815-43,Blue,0.147058823529412,0.2,0.27027,0.3125,0.34483,0.38462,NaN,NaN,NaN,NaN
bw170815-43,Blue,0.12987012987013,0.15152,0.20833,0.2439,0.29412,NaN,NaN,NaN,NaN,NaN
bw170815-43,Blue,0.15625,0.26316,0.28571,0.29412,NaN,NaN,NaN,NaN,NaN,NaN
bw170815-43,Blue,0.147058823529412,0.17857,0.19608,0.21739,0.25641,0.29412,NaN,NaN,NaN,NaN
bw170815-43,Blue,0.144927536231884,0.14925,0.2381,0.30303,0.29412,0.32258,NaN,NaN,NaN,NaN
bw170815-43,Blue,0.12987012987013,0.15873,0.22727,0.2439,0.30303,NaN,NaN,NaN,NaN,NaN
bw170815-43,Blue,0.138888888888889,0.2,0.22727,0.25641,NaN,NaN,NaN,NaN,NaN,NaN
bw170815-43,Blue,0.133333333333333,0.19608,0.2439,0.38462,NaN,NaN,NaN,NaN,NaN,NaN
bw170815-43,Blue,0.147058823529412,0.16949,0.13699,0.22727,0.30303,0.27778,0.33333,NaN,NaN,NaN
bw170815-43,Blue,0.128205128205128,0.16393,0.22727,0.23256,0.28571,NaN,NaN,NaN,NaN,NaN
bw170815-43,Blue,0.123456790123457,0.15625,0.2,0.21277,0.21277,0.27778,NaN,NaN,NaN,NaN
bw170815-43,Blue,0.144927536231884,0.20833,0.2,0.27027,0.3125,NaN,NaN,NaN,NaN,NaN
bw170815-43,Blue,0.151515151515152,0.20833,0.23256,0.28571,0.33333,0.32258,NaN,NaN,NaN,NaN
bw170815-43,Blue,0.121951219512195,0.18868,0.20833,0.22727,0.2381,NaN,NaN,NaN,NaN,NaN
bw170815-43,Blue,0.136986301369863,0.17857,0.21739,0.25641,0.29412,NaN,NaN,NaN,NaN,NaN
bw170815-43,Blue,0.140845070422535,0.15385,0.21739,0.28571,0.33333,NaN,NaN,NaN,NaN,NaN
bw170815-43,Blue,0.136986301369863,0.17857,0.2381,0.33333,NaN,NaN,NaN,NaN,NaN,NaN
bw170815-43,Blue,0.138888888888889,0.20408,0.20408,0.22222,0.21739,0.21739,0.25641,0.28571,NaN,NaN
bw170815-43,Blue,0.12987012987013,0.17544,0.19608,0.23256,0.29412,NaN,NaN,NaN,NaN,NaN
bw170815-43,Blue,0.144927536231884,0.13333,0.18519,0.2381,0.23256,0.25,0.26316,NaN,NaN,NaN
bw170815-43,Blue,0.140845070422535,0.19608,0.2381,0.28571,0.35714,NaN,NaN,NaN,NaN,NaN
bw170815-43,Blue,0.135135135135135,0.14085,0.20833,0.2381,0.27778,0.35714,NaN,NaN,NaN,NaN
bw170815-43,Blue,0.12987012987013,0.14493,0.17857,0.20408,0.25,0.28571,NaN,NaN,NaN,NaN
bw170815-43,Blue,0.135135135135135,0.20408,0.2381,0.28571,NaN,NaN,NaN,NaN,NaN,NaN
bw170815-43,Blue,0.133333333333333,0.17857,0.17241,0.21277,0.2381,0.28571,NaN,NaN,NaN,NaN
bw170815-43,Blue,0.149253731343284,0.2,0.21277,0.2381,0.26316,0.30303,NaN,NaN,NaN,NaN
bw170815-43,Blue,0.126582278481013,0.20408,0.22727,0.22222,0.27778,NaN,NaN,NaN,NaN,NaN
bw170815-43,Blue,0.133333333333333,0.14706,0.18519,0.21277,0.25641,0.28571,NaN,NaN,NaN,NaN
bw170815-43,Blue,0.153846153846154,0.2,0.22727,0.27027,0.32258,NaN,NaN,NaN,NaN,NaN
bw170815-43,Blue,0.142857142857143,0.14085,0.22727,0.26316,0.32258,NaN,NaN,NaN,NaN,NaN
bw170816-27,Blue,NaN,NaN,NaN,NaN,NaN,NaN,NaN,NaN,NaN,NaN
bw170816-27,Blue,0.136986301369863,0.15873,0.20833,0.25641,NaN,NaN,NaN,NaN,NaN,NaN
bw170816-27,Blue,NaN,NaN,NaN,NaN,NaN,NaN,NaN,NaN,NaN,NaN
bw170816-27,Blue,NaN,NaN,NaN,NaN,NaN,NaN,NaN,NaN,NaN,NaN
bw170816-27,Blue,NaN,NaN,NaN,NaN,NaN,NaN,NaN,NaN,NaN,NaN
bw170816-27,Blue,NaN,NaN,NaN,NaN,NaN,NaN,NaN,NaN,NaN,NaN
bw170816-27,Blue,NaN,NaN,NaN,NaN,NaN,NaN,NaN,NaN,NaN,NaN
bw170816-27,Blue,NaN,NaN,NaN,NaN,NaN,NaN,NaN,NaN,NaN,NaN
bw170816-27,Blue,NaN,NaN,NaN,NaN,NaN,NaN,NaN,NaN,NaN,NaN
bw170816-27,Blue,NaN,NaN,NaN,NaN,NaN,NaN,NaN,NaN,NaN,NaN
bw170816-27,Blue,NaN,NaN,NaN,NaN,NaN,NaN,NaN,NaN,NaN,NaN
bw170816-27,Blue,NaN,NaN,NaN,NaN,NaN,NaN,NaN,NaN,NaN,NaN
bw170816-27,Blue,NaN,NaN,NaN,NaN,NaN,NaN,NaN,NaN,NaN,NaN
bw170816-27,Blue,NaN,NaN,NaN,NaN,NaN,NaN,NaN,NaN,NaN,NaN
bw170816-27,Blue,NaN,NaN,NaN,NaN,NaN,NaN,NaN,NaN,NaN,NaN
bw170816-27,Blue,NaN,NaN,NaN,NaN,NaN,NaN,NaN,NaN,NaN,NaN
bw170816-27,Blue,NaN,NaN,NaN,NaN,NaN,NaN,NaN,NaN,NaN,NaN
bw170816-27,Blue,NaN,NaN,NaN,NaN,NaN,NaN,NaN,NaN,NaN,NaN
bw170816-27,Blue,0.135135135135135,0.14925,0.21739,0.2,NaN,NaN,NaN,NaN,NaN,NaN
bw170816-27,Blue,NaN,NaN,NaN,NaN,NaN,NaN,NaN,NaN,NaN,NaN
bw170816-27,Blue,NaN,NaN,NaN,NaN,NaN,NaN,NaN,NaN,NaN,NaN
bw170816-27,Blue,0.104166666666667,0.14706,0.20408,0.19608,NaN,NaN,NaN,NaN,NaN,NaN
bw170816-27,Blue,NaN,NaN,NaN,NaN,NaN,NaN,NaN,NaN,NaN,NaN
bw170816-27,Blue,NaN,NaN,NaN,NaN,NaN,NaN,NaN,NaN,NaN,NaN
bw170816-27,Blue,0.133333333333333,0.15873,0.21277,0.27027,NaN,NaN,NaN,NaN,NaN,NaN
bw170816-27,Blue,NaN,NaN,NaN,NaN,NaN,NaN,NaN,NaN,NaN,NaN
bw170816-27,Blue,NaN,NaN,NaN,NaN,NaN,NaN,NaN,NaN,NaN,NaN
bw170816-27,Blue,NaN,NaN,NaN,NaN,NaN,NaN,NaN,NaN,NaN,NaN
bw170816-27,Blue,0.117647058823529,0.14706,0.16949,0.19231,NaN,NaN,NaN,NaN,NaN,NaN
bw170816-27,Blue,NaN,NaN,NaN,NaN,NaN,NaN,NaN,NaN,NaN,NaN
bw170816-51,Blue,0.105263157894737,0.15873,0.16949,0.2439,0.33333,NaN,NaN,NaN,NaN,NaN
bw170816-51,Blue,0.099009900990099,0.13514,0.19608,0.29412,NaN,NaN,NaN,NaN,NaN,NaN
bw170816-51,Blue,0.0847457627118644,0.12658,0.22222,0.27778,NaN,NaN,NaN,NaN,NaN,NaN
bw170816-51,Blue,NaN,NaN,NaN,NaN,NaN,NaN,NaN,NaN,NaN,NaN
bw170816-51,Blue,0.104166666666667,0.20408,0.16129,0.25,0.3125,NaN,NaN,NaN,NaN,NaN
bw170816-51,Blue,NaN,NaN,0.19231,0.22222,0.28571,NaN,NaN,NaN,NaN,NaN
bw170816-51,Blue,0.113636363636364,0.17241,0.11628,0.22222,0.30303,NaN,NaN,NaN,NaN,NaN
bw170816-51,Blue,0.114942528735632,0.22727,0.15385,0.18182,0.21739,0.25641,0.26316,NaN,NaN,NaN
bw170816-51,Blue,NaN,NaN,NaN,NaN,NaN,NaN,NaN,NaN,NaN,NaN
bw170816-51,Blue,NaN,NaN,NaN,NaN,NaN,NaN,NaN,NaN,NaN,NaN
bw170816-51,Blue,0.10989010989011,0.15625,0.15385,0.22727,0.26316,NaN,NaN,NaN,NaN,NaN
bw170816-51,Blue,NaN,NaN,NaN,NaN,NaN,NaN,NaN,NaN,NaN,NaN
bw170816-51,Blue,0.10989010989011,0.125,0.13889,0.2381,0.30303,NaN,NaN,NaN,NaN,NaN
bw170816-51,Blue,NaN,NaN,NaN,NaN,NaN,NaN,NaN,NaN,NaN,NaN
bw170816-51,Blue,0.0961538461538462,0.20408,0.21739,0.27778,NaN,NaN,NaN,NaN,NaN,NaN
bw170816-51,Blue,0.117647058823529,0.14493,0.19231,0.16129,0.23256,0.28571,0.3125,NaN,NaN,NaN
bw170816-51,Blue,0.0934579439252336,0.16667,0.27027,0.22727,0.26316,NaN,NaN,NaN,NaN,NaN
bw170816-51,Blue,0.112359550561798,0.28571,0.25,0.27027,NaN,NaN,NaN,NaN,NaN,NaN
bw170816-51,Blue,0.119047619047619,0.16949,0.15625,0.22727,0.25641,NaN,NaN,NaN,NaN,NaN
bw170816-51,Blue,0.111111111111111,0.22727,0.17544,0.25641,0.23256,0.3125,NaN,NaN,NaN,NaN
bw170816-51,Blue,0.078125,0.27027,0.15873,0.19231,0.20833,0.21277,0.30303,NaN,NaN,NaN
bw170816-51,Blue,0.114942528735632,0.15385,0.22727,0.25,0.30303,0.32258,NaN,NaN,NaN,NaN
bw170816-51,Blue,0.104166666666667,0.18182,0.14286,0.15152,0.2439,NaN,NaN,NaN,NaN,NaN
bw170816-51,Blue,0.0980392156862745,0.12987,0.2381,0.27778,NaN,NaN,NaN,NaN,NaN,NaN
bw170816-51,Blue,0.112359550561798,0.25,0.11628,0.20408,0.27027,NaN,NaN,NaN,NaN,NaN
bw170816-51,Blue,0.108695652173913,0.13889,0.17857,0.30303,NaN,NaN,NaN,NaN,NaN,NaN
bw170816-51,Blue,0.117647058823529,0.12821,0.15385,0.22727,0.33333,NaN,NaN,NaN,NaN,NaN
bw170816-51,Blue,NaN,NaN,NaN,NaN,NaN,NaN,NaN,NaN,NaN,NaN
bw170816-51,Blue,0.140845070422535,0.125,0.19231,0.29412,0.3125,NaN,NaN,NaN,NaN,NaN
bw170816-51,Blue,0.121951219512195,0.12821,0.16129,0.26316,0.34483,NaN,NaN,NaN,NaN,NaN
bw180827-52,Blue,NaN,NaN,NaN,NaN,NaN,NaN,NaN,NaN,NaN,NaN
bw180827-52,Blue,NaN,NaN,NaN,NaN,NaN,NaN,NaN,NaN,NaN,NaN
bw180827-52,Blue,NaN,NaN,NaN,NaN,NaN,NaN,NaN,NaN,NaN,NaN
bw180827-52,Blue,NaN,NaN,NaN,NaN,NaN,NaN,NaN,NaN,NaN,NaN
bw180827-52,Blue,NaN,NaN,NaN,NaN,NaN,NaN,NaN,NaN,NaN,NaN
bw180827-52,Blue,NaN,NaN,NaN,NaN,NaN,NaN,NaN,NaN,NaN,NaN
bw180827-52,Blue,NaN,NaN,NaN,NaN,NaN,NaN,NaN,NaN,NaN,NaN
bw180827-52,Blue,NaN,NaN,NaN,NaN,NaN,NaN,NaN,NaN,NaN,NaN
bw180827-52,Blue,NaN,NaN,NaN,NaN,NaN,NaN,NaN,NaN,NaN,NaN
bw180827-52,Blue,NaN,NaN,NaN,NaN,NaN,NaN,NaN,NaN,NaN,NaN
bw180827-52,Blue,NaN,NaN,NaN,NaN,NaN,NaN,NaN,NaN,NaN,NaN
bw180827-52,Blue,NaN,NaN,NaN,NaN,NaN,NaN,NaN,NaN,NaN,NaN
bw180827-52,Blue,NaN,NaN,NaN,NaN,NaN,NaN,NaN,NaN,NaN,NaN
bw180827-52,Blue,NaN,NaN,NaN,NaN,NaN,NaN,NaN,NaN,NaN,NaN
bw180827-52,Blue,NaN,NaN,NaN,NaN,NaN,NaN,NaN,NaN,NaN,NaN
bw180827-52,Blue,NaN,NaN,NaN,NaN,NaN,NaN,NaN,NaN,NaN,NaN
bw180827-52,Blue,NaN,NaN,NaN,NaN,NaN,NaN,NaN,NaN,NaN,NaN
bw180827-52,Blue,NaN,NaN,NaN,NaN,NaN,NaN,NaN,NaN,NaN,NaN
bw180827-52,Blue,NaN,NaN,NaN,NaN,NaN,NaN,NaN,NaN,NaN,NaN
bw180827-52,Blue,NaN,NaN,NaN,NaN,NaN,NaN,NaN,NaN,NaN,NaN
bw180827-52,Blue,NaN,NaN,NaN,NaN,NaN,NaN,NaN,NaN,NaN,NaN
bw180827-52,Blue,NaN,NaN,NaN,NaN,NaN,NaN,NaN,NaN,NaN,NaN
bw180827-52,Blue,NaN,NaN,NaN,NaN,NaN,NaN,NaN,NaN,NaN,NaN
bw180827-52,Blue,NaN,NaN,NaN,NaN,NaN,NaN,NaN,NaN,NaN,NaN
bw180827-52,Blue,NaN,NaN,NaN,NaN,NaN,NaN,NaN,NaN,NaN,NaN
bw180827-52,Blue,NaN,NaN,NaN,NaN,NaN,NaN,NaN,NaN,NaN,NaN
bw180827-52,Blue,NaN,NaN,NaN,NaN,NaN,NaN,NaN,NaN,NaN,NaN
bw180827-52,Blue,NaN,NaN,NaN,NaN,NaN,NaN,NaN,NaN,NaN,NaN
bw180827-52,Blue,NaN,NaN,NaN,NaN,NaN,NaN,NaN,NaN,NaN,NaN
bw180827-52,Blue,NaN,NaN,NaN,NaN,NaN,NaN,NaN,NaN,NaN,NaN
bw180828-49,Blue,NaN,NaN,NaN,NaN,NaN,NaN,NaN,NaN,NaN,NaN
bw180828-49,Blue,NaN,NaN,NaN,NaN,NaN,NaN,NaN,NaN,NaN,NaN
bw180828-49,Blue,NaN,NaN,NaN,NaN,NaN,NaN,NaN,NaN,NaN,NaN
bw180828-49,Blue,NaN,NaN,NaN,NaN,NaN,NaN,NaN,NaN,NaN,NaN
bw180828-49,Blue,NaN,NaN,NaN,NaN,NaN,NaN,NaN,NaN,NaN,NaN
bw180828-49,Blue,NaN,NaN,NaN,NaN,NaN,NaN,NaN,NaN,NaN,NaN
bw180828-49,Blue,NaN,NaN,NaN,NaN,NaN,NaN,NaN,NaN,NaN,NaN
bw180828-49,Blue,0.10752688172043,0.17241,0.2,0.22727,NaN,NaN,NaN,NaN,NaN,NaN
bw180828-49,Blue,0.138888888888889,0.17857,0.18519,0.21277,NaN,NaN,NaN,NaN,NaN,NaN
bw180828-49,Blue,NaN,NaN,NaN,NaN,NaN,NaN,NaN,NaN,NaN,NaN
bw180828-49,Blue,NaN,NaN,NaN,NaN,NaN,NaN,NaN,NaN,NaN,NaN
bw180828-49,Blue,NaN,NaN,NaN,NaN,NaN,NaN,NaN,NaN,NaN,NaN
bw180828-49,Blue,NaN,NaN,NaN,NaN,NaN,NaN,NaN,NaN,NaN,NaN
bw180828-49,Blue,0.136986301369863,0.16129,0.18182,0.21277,NaN,NaN,NaN,NaN,NaN,NaN
bw180828-49,Blue,NaN,NaN,NaN,NaN,NaN,NaN,NaN,NaN,NaN,NaN
bw180828-49,Blue,NaN,NaN,NaN,NaN,NaN,NaN,NaN,NaN,NaN,NaN
bw180828-49,Blue,NaN,NaN,NaN,NaN,NaN,NaN,NaN,NaN,NaN,NaN
bw180828-49,Blue,NaN,NaN,NaN,NaN,NaN,NaN,NaN,NaN,NaN,NaN
bw180828-49,Blue,0.101010101010101,0.16949,0.18519,0.21739,NaN,NaN,NaN,NaN,NaN,NaN
bw180828-49,Blue,0.108695652173913,0.17241,0.17857,0.19608,NaN,NaN,NaN,NaN,NaN,NaN
bw180828-49,Blue,0.151515151515152,0.17857,0.20833,0.20833,0.2,NaN,NaN,NaN,NaN,NaN
bw180828-49,Blue,NaN,NaN,NaN,NaN,NaN,NaN,NaN,NaN,NaN,NaN
bw180828-49,Blue,0.153846153846154,0.17857,0.18868,0.20833,NaN,NaN,NaN,NaN,NaN,NaN
bw180828-49,Blue,NaN,NaN,NaN,NaN,NaN,NaN,NaN,NaN,NaN,NaN
bw180828-49,Blue,0.105263157894737,0.15625,0.17544,0.20408,NaN,NaN,NaN,NaN,NaN,NaN
bw180828-49,Blue,0.120481927710843,0.17857,0.18868,0.2,NaN,NaN,NaN,NaN,NaN,NaN
bw180828-49,Blue,NaN,NaN,NaN,NaN,NaN,NaN,NaN,NaN,NaN,NaN
bw180828-49,Blue,NaN,NaN,NaN,NaN,NaN,NaN,NaN,NaN,NaN,NaN
bw180828-49,Blue,NaN,NaN,NaN,NaN,NaN,NaN,NaN,NaN,NaN,NaN
bw180828-49,Blue,NaN,NaN,NaN,NaN,NaN,NaN,NaN,NaN,NaN,NaN
bw180829-30,Blue,0.135135135135135,0.13514,0.25641,0.3125,NaN,NaN,NaN,NaN,NaN,NaN
bw180829-30,Blue,NaN,NaN,NaN,NaN,NaN,NaN,NaN,NaN,NaN,NaN
bw180829-30,Blue,NaN,NaN,NaN,NaN,NaN,NaN,NaN,NaN,NaN,NaN
bw180829-30,Blue,NaN,NaN,NaN,NaN,NaN,NaN,NaN,NaN,NaN,NaN
bw180829-30,Blue,0.147058823529412,0.18519,0.20833,0.35714,NaN,NaN,NaN,NaN,NaN,NaN
bw180829-30,Blue,0.147058823529412,0.16129,0.18182,0.28571,NaN,NaN,NaN,NaN,NaN,NaN
bw180829-30,Blue,NaN,NaN,NaN,NaN,NaN,NaN,NaN,NaN,NaN,NaN
bw180829-30,Blue,NaN,NaN,NaN,NaN,NaN,NaN,NaN,NaN,NaN,NaN
bw180829-30,Blue,NaN,NaN,NaN,NaN,NaN,NaN,NaN,NaN,NaN,NaN
bw180829-30,Blue,NaN,NaN,NaN,NaN,NaN,NaN,NaN,NaN,NaN,NaN
bw180829-30,Blue,NaN,NaN,NaN,NaN,NaN,NaN,NaN,NaN,NaN,NaN
bw180829-30,Blue,0.15625,0.18182,0.19231,0.27027,NaN,NaN,NaN,NaN,NaN,NaN
bw180829-30,Blue,0.147058823529412,0.17857,0.21277,0.27027,NaN,NaN,NaN,NaN,NaN,NaN
bw180829-30,Blue,NaN,NaN,NaN,NaN,NaN,NaN,NaN,NaN,NaN,NaN
bw180829-30,Blue,0.142857142857143,0.21739,0.18519,0.30303,NaN,NaN,NaN,NaN,NaN,NaN
bw180829-30,Blue,NaN,NaN,NaN,NaN,NaN,NaN,NaN,NaN,NaN,NaN
bw180829-30,Blue,NaN,NaN,NaN,NaN,NaN,NaN,NaN,NaN,NaN,NaN
bw180829-30,Blue,NaN,NaN,NaN,NaN,NaN,NaN,NaN,NaN,NaN,NaN
bw180829-30,Blue,NaN,NaN,NaN,NaN,NaN,NaN,NaN,NaN,NaN,NaN
bw180829-30,Blue,NaN,NaN,NaN,NaN,NaN,NaN,NaN,NaN,NaN,NaN
bw180829-30,Blue,NaN,NaN,NaN,NaN,NaN,NaN,NaN,NaN,NaN,NaN
bw180829-30,Blue,NaN,NaN,NaN,NaN,NaN,NaN,NaN,NaN,NaN,NaN
bw180829-30,Blue,0.138888888888889,0.18182,0.16667,0.2439,NaN,NaN,NaN,NaN,NaN,NaN
bw180829-30,Blue,NaN,NaN,NaN,NaN,NaN,NaN,NaN,NaN,NaN,NaN
bw180829-30,Blue,NaN,NaN,NaN,NaN,NaN,NaN,NaN,NaN,NaN,NaN
bw180829-30,Blue,NaN,NaN,NaN,NaN,NaN,NaN,NaN,NaN,NaN,NaN
bw180829-30,Blue,NaN,NaN,NaN,NaN,NaN,NaN,NaN,NaN,NaN,NaN
bw180829-30,Blue,NaN,NaN,NaN,NaN,NaN,NaN,NaN,NaN,NaN,NaN
bw180829-30,Blue,NaN,NaN,NaN,NaN,NaN,NaN,NaN,NaN,NaN,NaN
bw180829-30,Blue,NaN,NaN,NaN,NaN,NaN,NaN,NaN,NaN,NaN,NaN
bw180829-47,Blue,NaN,NaN,NaN,NaN,NaN,NaN,NaN,NaN,NaN,NaN
bw180829-47,Blue,NaN,NaN,NaN,NaN,NaN,NaN,NaN,NaN,NaN,NaN
bw180829-47,Blue,NaN,NaN,NaN,NaN,NaN,NaN,NaN,NaN,NaN,NaN
bw180829-47,Blue,NaN,NaN,NaN,NaN,NaN,NaN,NaN,NaN,NaN,NaN
bw180829-47,Blue,NaN,NaN,NaN,NaN,NaN,NaN,NaN,NaN,NaN,NaN
bw180829-47,Blue,NaN,NaN,NaN,NaN,NaN,NaN,NaN,NaN,NaN,NaN
bw180829-47,Blue,NaN,NaN,NaN,NaN,NaN,NaN,NaN,NaN,NaN,NaN
bw180829-47,Blue,NaN,NaN,NaN,NaN,NaN,NaN,NaN,NaN,NaN,NaN
bw180829-47,Blue,NaN,NaN,NaN,NaN,NaN,NaN,NaN,NaN,NaN,NaN
bw180829-47,Blue,NaN,NaN,NaN,NaN,NaN,NaN,NaN,NaN,NaN,NaN
bw180829-47,Blue,NaN,NaN,NaN,NaN,NaN,NaN,NaN,NaN,NaN,NaN
bw180829-47,Blue,NaN,NaN,NaN,NaN,NaN,NaN,NaN,NaN,NaN,NaN
bw180829-47,Blue,NaN,NaN,NaN,NaN,NaN,NaN,NaN,NaN,NaN,NaN
bw180829-47,Blue,NaN,NaN,NaN,NaN,NaN,NaN,NaN,NaN,NaN,NaN
bw180829-47,Blue,NaN,NaN,NaN,NaN,NaN,NaN,NaN,NaN,NaN,NaN
bw180829-47,Blue,NaN,NaN,NaN,NaN,NaN,NaN,NaN,NaN,NaN,NaN
bw180829-47,Blue,NaN,NaN,NaN,NaN,NaN,NaN,NaN,NaN,NaN,NaN
bw180829-47,Blue,NaN,NaN,NaN,NaN,NaN,NaN,NaN,NaN,NaN,NaN
bw180829-47,Blue,NaN,NaN,NaN,NaN,NaN,NaN,NaN,NaN,NaN,NaN
bw180829-47,Blue,NaN,NaN,NaN,NaN,NaN,NaN,NaN,NaN,NaN,NaN
bw180829-47,Blue,NaN,NaN,NaN,NaN,NaN,NaN,NaN,NaN,NaN,NaN
bw180829-47,Blue,0.147058823529412,0.13158,0.26316,0.23256,NaN,NaN,NaN,NaN,NaN,NaN
bw180829-47,Blue,NaN,NaN,NaN,NaN,NaN,NaN,NaN,NaN,NaN,NaN
bw180829-47,Blue,NaN,NaN,NaN,NaN,NaN,NaN,NaN,NaN,NaN,NaN
bw180829-47,Blue,NaN,NaN,NaN,NaN,NaN,NaN,NaN,NaN,NaN,NaN
bw180829-47,Blue,NaN,NaN,NaN,NaN,NaN,NaN,NaN,NaN,NaN,NaN
bw180829-47,Blue,NaN,NaN,NaN,NaN,NaN,NaN,NaN,NaN,NaN,NaN
bw180829-47,Blue,NaN,NaN,NaN,NaN,NaN,NaN,NaN,NaN,NaN,NaN
bw180829-47,Blue,NaN,NaN,NaN,NaN,NaN,NaN,NaN,NaN,NaN,NaN
bw180829-47,Blue,NaN,NaN,NaN,NaN,NaN,NaN,NaN,NaN,NaN,NaN
bw180830-40,Blue,NaN,NaN,NaN,NaN,NaN,NaN,NaN,NaN,NaN,NaN
bw180830-40,Blue,NaN,NaN,NaN,NaN,NaN,NaN,NaN,NaN,NaN,NaN
bw180830-40,Blue,NaN,NaN,NaN,NaN,NaN,NaN,NaN,NaN,NaN,NaN
bw180830-40,Blue,NaN,NaN,NaN,NaN,NaN,NaN,NaN,NaN,NaN,NaN
bw180830-40,Blue,NaN,NaN,NaN,NaN,NaN,NaN,NaN,NaN,NaN,NaN
bw180830-40,Blue,NaN,NaN,NaN,NaN,NaN,NaN,NaN,NaN,NaN,NaN
bw180830-40,Blue,NaN,NaN,NaN,NaN,NaN,NaN,NaN,NaN,NaN,NaN
bw180830-40,Blue,0.161290322580645,0.17857,0.2381,0.29412,NaN,NaN,NaN,NaN,NaN,NaN
bw180830-40,Blue,NaN,NaN,NaN,NaN,NaN,NaN,NaN,NaN,NaN,NaN
bw180830-40,Blue,NaN,NaN,NaN,NaN,NaN,NaN,NaN,NaN,NaN,NaN
bw180830-40,Blue,NaN,NaN,NaN,NaN,NaN,NaN,NaN,NaN,NaN,NaN
bw180830-40,Blue,NaN,NaN,NaN,NaN,NaN,NaN,NaN,NaN,NaN,NaN
bw180830-40,Blue,NaN,NaN,NaN,NaN,NaN,NaN,NaN,NaN,NaN,NaN
bw180830-40,Blue,NaN,NaN,NaN,NaN,NaN,NaN,NaN,NaN,NaN,NaN
bw180830-40,Blue,NaN,NaN,NaN,NaN,NaN,NaN,NaN,NaN,NaN,NaN
bw180830-40,Blue,NaN,NaN,NaN,NaN,NaN,NaN,NaN,NaN,NaN,NaN
bw180830-40,Blue,NaN,NaN,NaN,NaN,NaN,NaN,NaN,NaN,NaN,NaN
bw180830-40,Blue,NaN,NaN,NaN,NaN,NaN,NaN,NaN,NaN,NaN,NaN
bw180830-40,Blue,NaN,NaN,NaN,NaN,NaN,NaN,NaN,NaN,NaN,NaN
bw180830-40,Blue,NaN,NaN,NaN,NaN,NaN,NaN,NaN,NaN,NaN,NaN
bw180830-40,Blue,NaN,NaN,NaN,NaN,NaN,NaN,NaN,NaN,NaN,NaN
bw180830-40,Blue,NaN,NaN,NaN,NaN,NaN,NaN,NaN,NaN,NaN,NaN
bw180830-40,Blue,NaN,NaN,NaN,NaN,NaN,NaN,NaN,NaN,NaN,NaN
bw180830-40,Blue,NaN,NaN,NaN,NaN,NaN,NaN,NaN,NaN,NaN,NaN
bw180830-40,Blue,NaN,NaN,NaN,NaN,NaN,NaN,NaN,NaN,NaN,NaN
bw180830-40,Blue,NaN,NaN,NaN,NaN,NaN,NaN,NaN,NaN,NaN,NaN
bw180830-40,Blue,NaN,NaN,NaN,NaN,NaN,NaN,NaN,NaN,NaN,NaN
bw180830-40,Blue,0.140845070422535,0.16129,0.2,0.27778,NaN,NaN,NaN,NaN,NaN,NaN
bw180830-40,Blue,NaN,NaN,NaN,NaN,NaN,NaN,NaN,NaN,NaN,NaN
bw180830-40,Blue,NaN,NaN,NaN,NaN,NaN,NaN,NaN,NaN,NaN,NaN
bw180830-42,Blue,NaN,NaN,NaN,NaN,NaN,NaN,NaN,NaN,NaN,NaN
bw180830-42,Blue,NaN,NaN,NaN,NaN,NaN,NaN,NaN,NaN,NaN,NaN
bw180830-42,Blue,0.149253731343284,0.12346,0.21739,0.23256,NaN,NaN,NaN,NaN,NaN,NaN
bw180830-42,Blue,NaN,NaN,NaN,NaN,NaN,NaN,NaN,NaN,NaN,NaN
bw180830-42,Blue,NaN,NaN,NaN,NaN,NaN,NaN,NaN,NaN,NaN,NaN
bw180830-42,Blue,NaN,NaN,NaN,NaN,NaN,NaN,NaN,NaN,NaN,NaN
bw180830-42,Blue,NaN,NaN,NaN,NaN,NaN,NaN,NaN,NaN,NaN,NaN
bw180830-42,Blue,NaN,NaN,NaN,NaN,NaN,NaN,NaN,NaN,NaN,NaN
bw180830-42,Blue,NaN,NaN,NaN,NaN,NaN,NaN,NaN,NaN,NaN,NaN
bw180830-42,Blue,NaN,NaN,NaN,NaN,NaN,NaN,NaN,NaN,NaN,NaN
bw180830-42,Blue,0.138888888888889,0.16667,0.22222,0.2439,NaN,NaN,NaN,NaN,NaN,NaN
bw180830-42,Blue,NaN,NaN,NaN,NaN,NaN,NaN,NaN,NaN,NaN,NaN
bw180830-42,Blue,NaN,NaN,NaN,NaN,NaN,NaN,NaN,NaN,NaN,NaN
bw180830-42,Blue,NaN,NaN,NaN,NaN,NaN,NaN,NaN,NaN,NaN,NaN
bw180830-42,Blue,NaN,NaN,NaN,NaN,NaN,NaN,NaN,NaN,NaN,NaN
bw180830-42,Blue,NaN,NaN,NaN,NaN,NaN,NaN,NaN,NaN,NaN,NaN
bw180830-42,Blue,NaN,NaN,NaN,NaN,NaN,NaN,NaN,NaN,NaN,NaN
bw180830-42,Blue,NaN,NaN,NaN,NaN,NaN,NaN,NaN,NaN,NaN,NaN
bw180830-42,Blue,NaN,NaN,NaN,NaN,NaN,NaN,NaN,NaN,NaN,NaN
bw180830-42,Blue,NaN,NaN,NaN,NaN,NaN,NaN,NaN,NaN,NaN,NaN
bw180830-42,Blue,NaN,NaN,NaN,NaN,NaN,NaN,NaN,NaN,NaN,NaN
bw180830-42,Blue,NaN,NaN,NaN,NaN,NaN,NaN,NaN,NaN,NaN,NaN
bw180830-42,Blue,NaN,NaN,NaN,NaN,NaN,NaN,NaN,NaN,NaN,NaN
bw180830-42,Blue,NaN,NaN,NaN,NaN,NaN,NaN,NaN,NaN,NaN,NaN
bw180830-42,Blue,NaN,NaN,NaN,NaN,NaN,NaN,NaN,NaN,NaN,NaN
bw180830-42,Blue,0.136986301369863,0.14706,0.16949,0.22222,NaN,NaN,NaN,NaN,NaN,NaN
bw180830-42,Blue,0.147058823529412,0.13333,0.20408,0.23256,NaN,NaN,NaN,NaN,NaN,NaN
bw180830-42,Blue,NaN,NaN,NaN,NaN,NaN,NaN,NaN,NaN,NaN,NaN
bw180830-42,Blue,NaN,NaN,NaN,NaN,NaN,NaN,NaN,NaN,NaN,NaN
bw180830-42,Blue,NaN,NaN,NaN,NaN,NaN,NaN,NaN,NaN,NaN,NaN
bw180830-46,Blue,NaN,NaN,NaN,NaN,NaN,NaN,NaN,NaN,NaN,NaN
bw180830-46,Blue,NaN,NaN,NaN,NaN,NaN,NaN,NaN,NaN,NaN,NaN
bw180830-46,Blue,NaN,NaN,NaN,NaN,NaN,NaN,NaN,NaN,NaN,NaN
bw180830-46,Blue,NaN,NaN,NaN,NaN,NaN,NaN,NaN,NaN,NaN,NaN
bw180830-46,Blue,NaN,NaN,NaN,NaN,NaN,NaN,NaN,NaN,NaN,NaN
bw180830-46,Blue,NaN,NaN,NaN,NaN,NaN,NaN,NaN,NaN,NaN,NaN
bw180830-46,Blue,NaN,NaN,NaN,NaN,NaN,NaN,NaN,NaN,NaN,NaN
bw180830-46,Blue,NaN,NaN,NaN,NaN,NaN,NaN,NaN,NaN,NaN,NaN
bw180830-46,Blue,NaN,NaN,NaN,NaN,NaN,NaN,NaN,NaN,NaN,NaN
bw180830-46,Blue,NaN,NaN,NaN,NaN,NaN,NaN,NaN,NaN,NaN,NaN
bw180830-46,Blue,NaN,NaN,NaN,NaN,NaN,NaN,NaN,NaN,NaN,NaN
bw180830-46,Blue,NaN,NaN,NaN,NaN,NaN,NaN,NaN,NaN,NaN,NaN
bw180830-46,Blue,NaN,NaN,NaN,NaN,NaN,NaN,NaN,NaN,NaN,NaN
bw180830-46,Blue,NaN,NaN,NaN,NaN,NaN,NaN,NaN,NaN,NaN,NaN
bw180830-46,Blue,NaN,NaN,NaN,NaN,NaN,NaN,NaN,NaN,NaN,NaN
bw180830-46,Blue,NaN,NaN,NaN,NaN,NaN,NaN,NaN,NaN,NaN,NaN
bw180830-46,Blue,NaN,NaN,NaN,NaN,NaN,NaN,NaN,NaN,NaN,NaN
bw180830-46,Blue,NaN,NaN,NaN,NaN,NaN,NaN,NaN,NaN,NaN,NaN
bw180830-46,Blue,NaN,NaN,NaN,NaN,NaN,NaN,NaN,NaN,NaN,NaN
bw180830-46,Blue,NaN,NaN,NaN,NaN,NaN,NaN,NaN,NaN,NaN,NaN
bw180830-46,Blue,NaN,NaN,NaN,NaN,NaN,NaN,NaN,NaN,NaN,NaN
bw180830-46,Blue,NaN,NaN,NaN,NaN,NaN,NaN,NaN,NaN,NaN,NaN
bw180830-46,Blue,NaN,NaN,NaN,NaN,NaN,NaN,NaN,NaN,NaN,NaN
bw180830-46,Blue,NaN,NaN,NaN,NaN,NaN,NaN,NaN,NaN,NaN,NaN
bw180830-46,Blue,NaN,NaN,NaN,NaN,NaN,NaN,NaN,NaN,NaN,NaN
bw180830-46,Blue,NaN,NaN,NaN,NaN,NaN,NaN,NaN,NaN,NaN,NaN
bw180830-46,Blue,NaN,NaN,NaN,NaN,NaN,NaN,NaN,NaN,NaN,NaN
bw180830-46,Blue,NaN,NaN,NaN,NaN,NaN,NaN,NaN,NaN,NaN,NaN
bw180830-46,Blue,NaN,NaN,NaN,NaN,NaN,NaN,NaN,NaN,NaN,NaN
bw180830-46,Blue,NaN,NaN,NaN,NaN,NaN,NaN,NaN,NaN,NaN,NaN
bw180830-49,Blue,NaN,NaN,NaN,NaN,NaN,NaN,NaN,NaN,NaN,NaN
bw180830-49,Blue,NaN,NaN,NaN,NaN,NaN,NaN,NaN,NaN,NaN,NaN
bw180830-49,Blue,NaN,NaN,NaN,NaN,NaN,NaN,NaN,NaN,NaN,NaN
bw180830-49,Blue,0.161290322580645,0.12346,0.17241,0.2381,NaN,NaN,NaN,NaN,NaN,NaN
bw180830-49,Blue,NaN,NaN,NaN,NaN,NaN,NaN,NaN,NaN,NaN,NaN
bw180830-49,Blue,NaN,NaN,NaN,NaN,NaN,NaN,NaN,NaN,NaN,NaN
bw180830-49,Blue,NaN,NaN,NaN,NaN,NaN,NaN,NaN,NaN,NaN,NaN
bw180830-49,Blue,NaN,NaN,NaN,NaN,NaN,NaN,NaN,NaN,NaN,NaN
bw180830-49,Blue,NaN,NaN,NaN,NaN,NaN,NaN,NaN,NaN,NaN,NaN
bw180830-49,Blue,NaN,NaN,NaN,NaN,NaN,NaN,NaN,NaN,NaN,NaN
bw180830-49,Blue,NaN,NaN,NaN,NaN,NaN,NaN,NaN,NaN,NaN,NaN
bw180830-49,Blue,NaN,NaN,NaN,NaN,NaN,NaN,NaN,NaN,NaN,NaN
bw180830-49,Blue,NaN,NaN,NaN,NaN,NaN,NaN,NaN,NaN,NaN,NaN
bw180830-49,Blue,NaN,NaN,NaN,NaN,NaN,NaN,NaN,NaN,NaN,NaN
bw180830-49,Blue,NaN,NaN,NaN,NaN,NaN,NaN,NaN,NaN,NaN,NaN
bw180830-49,Blue,NaN,NaN,NaN,NaN,NaN,NaN,NaN,NaN,NaN,NaN
bw180830-49,Blue,NaN,NaN,NaN,NaN,NaN,NaN,NaN,NaN,NaN,NaN
bw180830-49,Blue,0.172413793103448,0.14706,0.22727,0.22727,NaN,NaN,NaN,NaN,NaN,NaN
bw180830-49,Blue,0.172413793103448,0.16393,0.19608,0.2439,NaN,NaN,NaN,NaN,NaN,NaN
bw180830-49,Blue,NaN,NaN,NaN,NaN,NaN,NaN,NaN,NaN,NaN,NaN
bw180830-49,Blue,NaN,NaN,NaN,NaN,NaN,NaN,NaN,NaN,NaN,NaN
bw180830-49,Blue,NaN,NaN,NaN,NaN,NaN,NaN,NaN,NaN,NaN,NaN
bw180830-49,Blue,NaN,NaN,NaN,NaN,NaN,NaN,NaN,NaN,NaN,NaN
bw180830-49,Blue,NaN,NaN,NaN,NaN,NaN,NaN,NaN,NaN,NaN,NaN
bw180830-49,Blue,NaN,NaN,NaN,NaN,NaN,NaN,NaN,NaN,NaN,NaN
bw180830-49,Blue,NaN,NaN,NaN,NaN,NaN,NaN,NaN,NaN,NaN,NaN
bw180830-49,Blue,NaN,NaN,NaN,NaN,NaN,NaN,NaN,NaN,NaN,NaN
bw180830-49,Blue,NaN,NaN,NaN,NaN,NaN,NaN,NaN,NaN,NaN,NaN
bw180830-49,Blue,NaN,NaN,NaN,NaN,NaN,NaN,NaN,NaN,NaN,NaN
bw180830-49,Blue,NaN,NaN,NaN,NaN,NaN,NaN,NaN,NaN,NaN,NaN
bw180830-52b,Blue,NaN,NaN,NaN,NaN,NaN,NaN,NaN,NaN,NaN,NaN
bw180830-52b,Blue,NaN,NaN,NaN,NaN,NaN,NaN,NaN,NaN,NaN,NaN
bw180830-52b,Blue,NaN,NaN,NaN,NaN,NaN,NaN,NaN,NaN,NaN,NaN
bw180830-52b,Blue,NaN,NaN,NaN,NaN,NaN,NaN,NaN,NaN,NaN,NaN
bw180830-52b,Blue,NaN,NaN,NaN,NaN,NaN,NaN,NaN,NaN,NaN,NaN
bw180830-52b,Blue,NaN,NaN,NaN,NaN,NaN,NaN,NaN,NaN,NaN,NaN
bw180830-52b,Blue,NaN,NaN,NaN,NaN,NaN,NaN,NaN,NaN,NaN,NaN
bw180830-52b,Blue,NaN,NaN,NaN,NaN,NaN,NaN,NaN,NaN,NaN,NaN
bw180830-52b,Blue,NaN,NaN,NaN,NaN,NaN,NaN,NaN,NaN,NaN,NaN
bw180830-52b,Blue,NaN,NaN,NaN,NaN,NaN,NaN,NaN,NaN,NaN,NaN
bw180830-52b,Blue,NaN,NaN,NaN,NaN,NaN,NaN,NaN,NaN,NaN,NaN
bw180830-52b,Blue,NaN,NaN,NaN,NaN,NaN,NaN,NaN,NaN,NaN,NaN
bw180830-52b,Blue,NaN,NaN,NaN,NaN,NaN,NaN,NaN,NaN,NaN,NaN
bw180830-52b,Blue,NaN,NaN,NaN,NaN,NaN,NaN,NaN,NaN,NaN,NaN
bw180830-52b,Blue,NaN,NaN,NaN,NaN,NaN,NaN,NaN,NaN,NaN,NaN
bw180830-52b,Blue,NaN,NaN,NaN,NaN,NaN,NaN,NaN,NaN,NaN,NaN
bw180830-52b,Blue,NaN,NaN,NaN,NaN,NaN,NaN,NaN,NaN,NaN,NaN
bw180830-52b,Blue,NaN,NaN,NaN,NaN,NaN,NaN,NaN,NaN,NaN,NaN
bw180830-52b,Blue,NaN,NaN,NaN,NaN,NaN,NaN,NaN,NaN,NaN,NaN
bw180830-52b,Blue,NaN,NaN,NaN,NaN,NaN,NaN,NaN,NaN,NaN,NaN
bw180830-52b,Blue,NaN,NaN,NaN,NaN,NaN,NaN,NaN,NaN,NaN,NaN
bw180830-52b,Blue,NaN,NaN,NaN,NaN,NaN,NaN,NaN,NaN,NaN,NaN
bw180830-52b,Blue,NaN,NaN,NaN,NaN,NaN,NaN,NaN,NaN,NaN,NaN
bw180830-52b,Blue,NaN,NaN,NaN,NaN,NaN,NaN,NaN,NaN,NaN,NaN
bw180830-52b,Blue,NaN,NaN,NaN,NaN,NaN,NaN,NaN,NaN,NaN,NaN
bw180830-52b,Blue,NaN,NaN,NaN,NaN,NaN,NaN,NaN,NaN,NaN,NaN
bw180830-52b,Blue,NaN,NaN,NaN,NaN,NaN,NaN,NaN,NaN,NaN,NaN
bw180830-52b,Blue,NaN,NaN,NaN,NaN,NaN,NaN,NaN,NaN,NaN,NaN
bw180830-52b,Blue,NaN,NaN,NaN,NaN,NaN,NaN,NaN,NaN,NaN,NaN
bw180830-52b,Blue,NaN,NaN,NaN,NaN,NaN,NaN,NaN,NaN,NaN,NaN
bw180904-44,Blue,NaN,NaN,NaN,NaN,NaN,NaN,NaN,NaN,NaN,NaN
bw180904-44,Blue,NaN,NaN,NaN,NaN,NaN,NaN,NaN,NaN,NaN,NaN
bw180904-44,Blue,NaN,NaN,NaN,NaN,NaN,NaN,NaN,NaN,NaN,NaN
bw180904-44,Blue,NaN,NaN,NaN,NaN,NaN,NaN,NaN,NaN,NaN,NaN
bw180904-44,Blue,NaN,NaN,NaN,NaN,NaN,NaN,NaN,NaN,NaN,NaN
bw180904-44,Blue,NaN,NaN,NaN,NaN,NaN,NaN,NaN,NaN,NaN,NaN
bw180904-44,Blue,NaN,NaN,NaN,NaN,NaN,NaN,NaN,NaN,NaN,NaN
bw180904-44,Blue,NaN,NaN,NaN,NaN,NaN,NaN,NaN,NaN,NaN,NaN
bw180904-44,Blue,NaN,NaN,NaN,NaN,NaN,NaN,NaN,NaN,NaN,NaN
bw180904-44,Blue,NaN,NaN,NaN,NaN,NaN,NaN,NaN,NaN,NaN,NaN
bw180904-44,Blue,NaN,NaN,NaN,NaN,NaN,NaN,NaN,NaN,NaN,NaN
bw180904-44,Blue,NaN,NaN,NaN,NaN,NaN,NaN,NaN,NaN,NaN,NaN
bw180904-44,Blue,NaN,NaN,NaN,NaN,NaN,NaN,NaN,NaN,NaN,NaN
bw180904-44,Blue,NaN,NaN,NaN,NaN,NaN,NaN,NaN,NaN,NaN,NaN
bw180904-44,Blue,NaN,NaN,NaN,NaN,NaN,NaN,NaN,NaN,NaN,NaN
bw180904-44,Blue,NaN,NaN,NaN,NaN,NaN,NaN,NaN,NaN,NaN,NaN
bw180904-44,Blue,NaN,NaN,NaN,NaN,NaN,NaN,NaN,NaN,NaN,NaN
bw180904-44,Blue,NaN,NaN,NaN,NaN,NaN,NaN,NaN,NaN,NaN,NaN
bw180904-44,Blue,NaN,NaN,NaN,NaN,NaN,NaN,NaN,NaN,NaN,NaN
bw180904-44,Blue,NaN,NaN,NaN,NaN,NaN,NaN,NaN,NaN,NaN,NaN
bw180904-44,Blue,NaN,NaN,NaN,NaN,NaN,NaN,NaN,NaN,NaN,NaN
bw180904-44,Blue,NaN,NaN,NaN,NaN,NaN,NaN,NaN,NaN,NaN,NaN
bw180904-44,Blue,NaN,NaN,NaN,NaN,NaN,NaN,NaN,NaN,NaN,NaN
bw180904-44,Blue,NaN,NaN,NaN,NaN,NaN,NaN,NaN,NaN,NaN,NaN
bw180904-44,Blue,NaN,NaN,NaN,NaN,NaN,NaN,NaN,NaN,NaN,NaN
bw180904-44,Blue,NaN,NaN,NaN,NaN,NaN,NaN,NaN,NaN,NaN,NaN
bw180904-44,Blue,NaN,NaN,NaN,NaN,NaN,NaN,NaN,NaN,NaN,NaN
bw180904-44,Blue,NaN,NaN,NaN,NaN,NaN,NaN,NaN,NaN,NaN,NaN
bw180904-44,Blue,NaN,NaN,NaN,NaN,NaN,NaN,NaN,NaN,NaN,NaN
bw180904-44,Blue,NaN,NaN,NaN,NaN,NaN,NaN,NaN,NaN,NaN,NaN
bw180905-42,Blue,0.12987012987013,0.19231,0.21277,0.27027,NaN,NaN,NaN,NaN,NaN,NaN
bw180905-42,Blue,NaN,NaN,NaN,NaN,NaN,NaN,NaN,NaN,NaN,NaN
bw180905-42,Blue,NaN,NaN,NaN,NaN,0.23256,0.18182,0.20408,0.2,NaN,NaN
bw180905-42,Blue,NaN,NaN,NaN,NaN,NaN,NaN,NaN,NaN,NaN,NaN
bw180905-42,Blue,NaN,NaN,NaN,NaN,NaN,NaN,NaN,NaN,NaN,NaN
bw180905-42,Blue,NaN,NaN,NaN,NaN,NaN,NaN,NaN,NaN,NaN,NaN
bw180905-42,Blue,NaN,NaN,NaN,NaN,NaN,NaN,NaN,NaN,NaN,NaN
bw180905-42,Blue,NaN,NaN,NaN,NaN,NaN,NaN,NaN,NaN,NaN,NaN
bw180905-42,Blue,NaN,NaN,NaN,NaN,NaN,NaN,NaN,NaN,NaN,NaN
bw180905-42,Blue,NaN,NaN,NaN,NaN,NaN,NaN,NaN,NaN,NaN,NaN
bw180905-42,Blue,NaN,NaN,NaN,NaN,NaN,NaN,NaN,NaN,NaN,NaN
bw180905-42,Blue,NaN,NaN,NaN,NaN,NaN,NaN,NaN,NaN,NaN,NaN
bw180905-42,Blue,NaN,NaN,NaN,NaN,NaN,NaN,NaN,NaN,NaN,NaN
bw180905-42,Blue,0.123456790123457,0.15385,0.23256,0.26316,0.20833,0.2,NaN,NaN,NaN,NaN
bw180905-42,Blue,NaN,NaN,NaN,NaN,NaN,NaN,NaN,NaN,NaN,NaN
bw180905-42,Blue,NaN,NaN,NaN,NaN,NaN,NaN,NaN,NaN,NaN,NaN
bw180905-42,Blue,0.126582278481013,0.18519,0.2381,0.2381,0.33333,NaN,NaN,NaN,NaN,NaN
bw180905-42,Blue,NaN,NaN,NaN,NaN,NaN,NaN,NaN,NaN,NaN,NaN
bw180905-42,Blue,NaN,NaN,NaN,NaN,NaN,NaN,NaN,NaN,NaN,NaN
bw180905-42,Blue,0.128205128205128,0.17544,0.20408,0.21277,0.26316,NaN,NaN,NaN,NaN,NaN
bw180905-42,Blue,0.116279069767442,0.18182,0.22222,0.2439,NaN,NaN,NaN,NaN,NaN,NaN
bw180905-42,Blue,NaN,NaN,NaN,NaN,NaN,NaN,NaN,NaN,NaN,NaN
bw180905-42,Blue,NaN,NaN,NaN,NaN,NaN,NaN,NaN,NaN,NaN,NaN
bw180905-42,Blue,NaN,NaN,NaN,NaN,NaN,NaN,NaN,NaN,NaN,NaN
bw180905-42,Blue,NaN,NaN,NaN,NaN,NaN,NaN,NaN,NaN,NaN,NaN
bw180905-42,Blue,NaN,NaN,NaN,NaN,NaN,NaN,NaN,NaN,NaN,NaN
bw180905-42,Blue,NaN,NaN,NaN,NaN,NaN,NaN,NaN,NaN,NaN,NaN
bw180905-42,Blue,0.138888888888889,0.17241,0.2439,0.19608,0.20833,0.21739,0.21739,0.35714,NaN,NaN
bw180905-42,Blue,NaN,NaN,NaN,NaN,NaN,NaN,NaN,NaN,NaN,NaN
bw180905-42,Blue,NaN,NaN,NaN,NaN,NaN,NaN,NaN,NaN,NaN,NaN
bw180905-49,Blue,0.105263157894737,0.18182,0.20408,0.26316,NaN,NaN,NaN,NaN,NaN,NaN
bw180905-49,Blue,0.106382978723404,0.16949,0.19608,0.25,NaN,NaN,NaN,NaN,NaN,NaN
bw180905-49,Blue,0.117647058823529,0.20833,0.19231,0.22222,0.25,NaN,NaN,NaN,NaN,NaN
bw180905-49,Blue,NaN,NaN,NaN,NaN,NaN,NaN,NaN,NaN,NaN,NaN
bw180905-49,Blue,0.116279069767442,0.18519,0.23256,0.3125,NaN,NaN,NaN,NaN,NaN,NaN
bw180905-49,Blue,NaN,NaN,NaN,NaN,NaN,NaN,NaN,NaN,NaN,NaN
bw180905-49,Blue,0.116279069767442,0.17544,0.25,0.30303,NaN,NaN,NaN,NaN,NaN,NaN
bw180905-49,Blue,NaN,NaN,NaN,NaN,NaN,NaN,NaN,NaN,NaN,NaN
bw180905-49,Blue,0.112359550561798,0.15625,0.18182,0.17544,0.16129,0.18868,0.2,NaN,NaN,NaN
bw180905-49,Blue,0.10989010989011,0.19608,0.21277,0.2439,NaN,NaN,NaN,NaN,NaN,NaN
bw180905-49,Blue,NaN,NaN,NaN,NaN,NaN,NaN,NaN,NaN,NaN,NaN
bw180905-49,Blue,0.113636363636364,0.14925,0.18868,0.22727,0.25641,NaN,NaN,NaN,NaN,NaN
bw180905-49,Blue,0.116279069767442,0.16949,0.20833,0.27778,NaN,NaN,NaN,NaN,NaN,NaN
bw180905-49,Blue,NaN,NaN,NaN,NaN,NaN,NaN,NaN,NaN,NaN,NaN
bw180905-49,Blue,NaN,NaN,NaN,NaN,NaN,NaN,NaN,NaN,NaN,NaN
bw180905-49,Blue,NaN,NaN,NaN,NaN,NaN,NaN,NaN,NaN,NaN,NaN
bw180905-49,Blue,NaN,NaN,NaN,NaN,NaN,NaN,NaN,NaN,NaN,NaN
bw180905-49,Blue,NaN,NaN,NaN,NaN,NaN,NaN,NaN,NaN,NaN,NaN
bw180905-49,Blue,0.178571428571429,0.19608,0.19608,0.25641,NaN,NaN,NaN,NaN,NaN,NaN
bw180905-49,Blue,0.106382978723404,0.16949,0.20833,0.21277,NaN,NaN,NaN,NaN,NaN,NaN
bw180905-49,Blue,NaN,NaN,NaN,NaN,NaN,NaN,NaN,NaN,NaN,NaN
bw180905-49,Blue,NaN,NaN,NaN,NaN,NaN,NaN,NaN,NaN,NaN,NaN
bw180905-49,Blue,NaN,NaN,NaN,NaN,NaN,NaN,NaN,NaN,NaN,NaN
bw180905-49,Blue,NaN,NaN,NaN,NaN,NaN,NaN,NaN,NaN,NaN,NaN
bw180905-49,Blue,NaN,NaN,NaN,NaN,NaN,NaN,NaN,NaN,NaN,NaN
bw180905-49,Blue,0.111111111111111,0.18519,0.26316,0.26316,NaN,NaN,NaN,NaN,NaN,NaN
bw180905-49,Blue,0.120481927710843,0.19231,0.22222,0.2439,NaN,NaN,NaN,NaN,NaN,NaN
bw180905-49,Blue,NaN,NaN,NaN,NaN,NaN,NaN,NaN,NaN,NaN,NaN
bw180905-49,Blue,NaN,NaN,NaN,NaN,NaN,NaN,NaN,NaN,NaN,NaN
bw180905-49,Blue,0.112359550561798,0.18519,0.18519,0.22727,0.28571,NaN,NaN,NaN,NaN,NaN
bw180905-53,Blue,NaN,NaN,NaN,NaN,NaN,NaN,NaN,NaN,NaN,NaN
bw180905-53,Blue,NaN,NaN,NaN,NaN,NaN,NaN,NaN,NaN,NaN,NaN
bw180905-53,Blue,NaN,NaN,NaN,NaN,NaN,NaN,NaN,NaN,NaN,NaN
bw180905-53,Blue,NaN,NaN,NaN,NaN,NaN,NaN,NaN,NaN,NaN,NaN
bw180905-53,Blue,NaN,NaN,NaN,NaN,NaN,NaN,NaN,NaN,NaN,NaN
bw180905-53,Blue,NaN,NaN,NaN,NaN,NaN,NaN,NaN,NaN,NaN,NaN
bw180905-53,Blue,NaN,NaN,NaN,NaN,NaN,NaN,NaN,NaN,NaN,NaN
bw180905-53,Blue,NaN,NaN,NaN,NaN,NaN,NaN,NaN,NaN,NaN,NaN
bw180905-53,Blue,0.175438596491228,0.12346,0.21739,0.27778,NaN,NaN,NaN,NaN,NaN,NaN
bw180905-53,Blue,NaN,NaN,NaN,NaN,NaN,NaN,NaN,NaN,NaN,NaN
bw180905-53,Blue,NaN,NaN,NaN,NaN,NaN,NaN,NaN,NaN,NaN,NaN
bw180905-53,Blue,NaN,NaN,NaN,NaN,NaN,NaN,NaN,NaN,NaN,NaN
bw180905-53,Blue,NaN,NaN,NaN,NaN,NaN,NaN,NaN,NaN,NaN,NaN
bw180905-53,Blue,NaN,NaN,NaN,NaN,NaN,NaN,NaN,NaN,NaN,NaN
bw180905-53,Blue,NaN,NaN,NaN,NaN,NaN,NaN,NaN,NaN,NaN,NaN
bw180905-53,Blue,NaN,NaN,NaN,NaN,NaN,NaN,NaN,NaN,NaN,NaN
bw180905-53,Blue,NaN,NaN,NaN,NaN,NaN,NaN,NaN,NaN,NaN,NaN
bw180905-53,Blue,NaN,NaN,NaN,NaN,NaN,NaN,NaN,NaN,NaN,NaN
bw180905-53,Blue,NaN,NaN,NaN,NaN,NaN,NaN,NaN,NaN,NaN,NaN
bw180905-53,Blue,NaN,NaN,NaN,NaN,NaN,NaN,NaN,NaN,NaN,NaN
bw180905-53,Blue,NaN,NaN,NaN,NaN,NaN,NaN,NaN,NaN,NaN,NaN
bw180905-53,Blue,NaN,NaN,NaN,NaN,NaN,NaN,NaN,NaN,NaN,NaN
bw180905-53,Blue,NaN,NaN,NaN,NaN,NaN,NaN,NaN,NaN,NaN,NaN
bw180905-53,Blue,NaN,NaN,NaN,NaN,NaN,NaN,NaN,NaN,NaN,NaN
bw180905-53,Blue,NaN,NaN,NaN,NaN,NaN,NaN,NaN,NaN,NaN,NaN
bw180905-53,Blue,NaN,NaN,NaN,NaN,NaN,NaN,NaN,NaN,NaN,NaN
bw180905-53,Blue,NaN,NaN,NaN,NaN,NaN,NaN,NaN,NaN,NaN,NaN
bw180905-53,Blue,NaN,NaN,NaN,NaN,NaN,NaN,NaN,NaN,NaN,NaN
bw180905-53,Blue,NaN,NaN,NaN,NaN,NaN,NaN,NaN,NaN,NaN,NaN
bw180905-53,Blue,NaN,NaN,NaN,NaN,NaN,NaN,NaN,NaN,NaN,NaN
mn170703-40,Humpback,0.32258064516129,0.2381,0.33333,0.5,NaN,NaN,NaN,NaN,NaN,NaN
mn170703-40,Humpback,0.25,0.22222,0.2,0.2381,0.28571,0.26316,0.30303,0.30303,NaN,NaN
mn170703-40,Humpback,NaN,NaN,NaN,NaN,NaN,NaN,NaN,NaN,NaN,NaN
mn170703-40,Humpback,0.416666666666667,0.27778,0.34483,0.25641,NaN,NaN,NaN,NaN,NaN,NaN
mn170703-40,Humpback,NaN,NaN,NaN,NaN,NaN,NaN,NaN,NaN,NaN,NaN
mn170703-40,Humpback,NaN,NaN,NaN,NaN,NaN,NaN,NaN,NaN,NaN,NaN
mn170703-40,Humpback,0.294117647058824,0.32258,0.30303,0.34483,NaN,NaN,NaN,NaN,NaN,NaN
mn170703-40,Humpback,0.294117647058824,0.20408,0.28571,0.4,NaN,NaN,NaN,NaN,NaN,NaN
mn170703-40,Humpback,0.357142857142857,0.41667,0.37037,0.47619,NaN,NaN,NaN,NaN,NaN,NaN
mn170703-40,Humpback,NaN,NaN,NaN,NaN,NaN,NaN,NaN,NaN,NaN,NaN
mn170703-40,Humpback,NaN,NaN,NaN,NaN,NaN,NaN,NaN,NaN,NaN,NaN
mn170703-40,Humpback,NaN,NaN,NaN,NaN,NaN,NaN,NaN,NaN,NaN,NaN
mn170703-40,Humpback,NaN,NaN,NaN,NaN,NaN,NaN,NaN,NaN,NaN,NaN
mn170703-40,Humpback,0.277777777777778,0.23256,0.26316,0.37037,NaN,NaN,NaN,NaN,NaN,NaN
mn170703-40,Humpback,NaN,NaN,NaN,NaN,NaN,NaN,NaN,NaN,NaN,NaN
mn170703-40,Humpback,NaN,NaN,NaN,NaN,NaN,NaN,NaN,NaN,NaN,NaN
mn170703-40,Humpback,0.294117647058824,0.19608,0.3125,0.5,NaN,NaN,NaN,NaN,NaN,NaN
mn170703-40,Humpback,NaN,NaN,NaN,NaN,NaN,NaN,NaN,NaN,NaN,NaN
mn170703-40,Humpback,0.294117647058824,0.22727,0.34483,0.43478,NaN,NaN,NaN,NaN,NaN,NaN
mn170703-40,Humpback,NaN,NaN,NaN,NaN,NaN,NaN,NaN,NaN,NaN,NaN
mn170703-40,Humpback,NaN,NaN,NaN,NaN,NaN,NaN,NaN,NaN,NaN,NaN
mn170703-40,Humpback,0.217391304347826,0.22727,0.2381,0.35714,NaN,NaN,NaN,NaN,NaN,NaN
mn170703-40,Humpback,NaN,NaN,NaN,NaN,NaN,NaN,NaN,NaN,NaN,NaN
mn170703-40,Humpback,NaN,NaN,NaN,NaN,NaN,NaN,NaN,NaN,NaN,NaN
mn170703-40,Humpback,0.263157894736842,0.23256,0.27027,0.35714,0.45455,NaN,NaN,NaN,NaN,NaN
mn170703-40,Humpback,0.32258064516129,0.29412,0.37037,0.35714,NaN,NaN,NaN,NaN,NaN,NaN
mn170703-40,Humpback,NaN,NaN,NaN,NaN,NaN,NaN,NaN,NaN,NaN,NaN
mn170703-40,Humpback,0.277777777777778,0.2381,0.27778,0.5,NaN,NaN,NaN,NaN,NaN,NaN
mn170703-40,Humpback,NaN,NaN,NaN,NaN,NaN,NaN,NaN,NaN,NaN,NaN
mn170703-40,Humpback,NaN,NaN,NaN,NaN,NaN,NaN,NaN,NaN,NaN,NaN
mn180227-44,Humpback,NaN,NaN,NaN,NaN,NaN,NaN,NaN,NaN,NaN,NaN
mn180227-44,Humpback,NaN,NaN,NaN,NaN,NaN,NaN,NaN,NaN,NaN,NaN
mn180227-44,Humpback,NaN,NaN,NaN,NaN,NaN,NaN,NaN,NaN,NaN,NaN
mn180227-44,Humpback,NaN,NaN,NaN,NaN,NaN,NaN,NaN,NaN,NaN,NaN
mn180227-44,Humpback,NaN,NaN,NaN,NaN,NaN,NaN,NaN,NaN,NaN,NaN
mn180227-44,Humpback,NaN,NaN,NaN,NaN,NaN,NaN,NaN,NaN,NaN,NaN
mn180227-44,Humpback,NaN,NaN,NaN,NaN,NaN,NaN,NaN,NaN,NaN,NaN
mn180227-44,Humpback,NaN,NaN,NaN,NaN,NaN,NaN,NaN,NaN,NaN,NaN
mn180227-44,Humpback,NaN,NaN,NaN,NaN,NaN,NaN,NaN,NaN,NaN,NaN
mn180227-44,Humpback,NaN,NaN,NaN,NaN,NaN,NaN,NaN,NaN,NaN,NaN
mn180227-44,Humpback,NaN,NaN,NaN,NaN,NaN,NaN,NaN,NaN,NaN,NaN
mn180227-44,Humpback,0.212765957446809,0.27027,0.30303,0.26316,0.38462,NaN,NaN,NaN,NaN,NaN
mn180227-44,Humpback,NaN,NaN,NaN,NaN,NaN,NaN,NaN,NaN,NaN,NaN
mn180227-44,Humpback,NaN,NaN,NaN,NaN,NaN,NaN,NaN,NaN,NaN,NaN
mn180227-44,Humpback,NaN,NaN,NaN,NaN,NaN,NaN,NaN,NaN,NaN,NaN
mn180227-44,Humpback,0.277777777777778,0.34483,0.3125,0.4,NaN,NaN,NaN,NaN,NaN,NaN
mn180227-44,Humpback,NaN,NaN,NaN,NaN,NaN,NaN,NaN,NaN,NaN,NaN
mn180227-44,Humpback,NaN,NaN,NaN,NaN,NaN,NaN,NaN,NaN,NaN,NaN
mn180227-44,Humpback,0.25,0.19608,0.27778,0.25,0.32258,NaN,NaN,NaN,NaN,NaN
mn180227-44,Humpback,NaN,NaN,NaN,NaN,NaN,NaN,NaN,NaN,NaN,NaN
mn180227-44,Humpback,0.238095238095238,0.21277,0.22222,0.32258,NaN,NaN,NaN,NaN,NaN,NaN
mn180227-44,Humpback,0.238095238095238,0.22222,0.25641,0.25,NaN,NaN,NaN,NaN,NaN,NaN
mn180227-44,Humpback,NaN,NaN,NaN,NaN,NaN,NaN,NaN,NaN,NaN,NaN
mn180227-44,Humpback,NaN,NaN,NaN,NaN,NaN,NaN,NaN,NaN,NaN,NaN
mn180227-44,Humpback,NaN,NaN,NaN,NaN,NaN,NaN,NaN,NaN,NaN,NaN
mn180227-44,Humpback,0.24390243902439,0.27778,0.30303,0.27778,NaN,NaN,NaN,NaN,NaN,NaN
mn180227-44,Humpback,0.344827586206897,0.18519,0.25641,0.43478,NaN,NaN,NaN,NaN,NaN,NaN
mn180227-44,Humpback,NaN,NaN,NaN,NaN,NaN,NaN,NaN,NaN,NaN,NaN
mn180227-44,Humpback,NaN,NaN,NaN,NaN,NaN,NaN,NaN,NaN,NaN,NaN
mn180227-44,Humpback,NaN,NaN,NaN,NaN,NaN,NaN,NaN,NaN,NaN,NaN
mn180302-47,Humpback,NaN,NaN,NaN,NaN,NaN,NaN,NaN,NaN,NaN,NaN
mn180302-47,Humpback,NaN,NaN,NaN,NaN,NaN,NaN,NaN,NaN,NaN,NaN
mn180302-47,Humpback,NaN,NaN,NaN,NaN,NaN,NaN,NaN,NaN,NaN,NaN
mn180302-47,Humpback,NaN,NaN,NaN,NaN,NaN,NaN,NaN,NaN,NaN,NaN
mn180302-47,Humpback,NaN,NaN,NaN,NaN,NaN,NaN,NaN,NaN,NaN,NaN
mn180302-47,Humpback,NaN,NaN,NaN,NaN,NaN,NaN,NaN,NaN,NaN,NaN
mn180302-47,Humpback,NaN,NaN,NaN,NaN,NaN,NaN,NaN,NaN,NaN,NaN
mn180302-47,Humpback,NaN,NaN,NaN,NaN,NaN,NaN,NaN,NaN,NaN,NaN
mn180302-47,Humpback,NaN,NaN,NaN,NaN,NaN,NaN,NaN,NaN,NaN,NaN
mn180302-47,Humpback,NaN,NaN,NaN,NaN,NaN,NaN,NaN,NaN,NaN,NaN
mn180302-47,Humpback,NaN,NaN,NaN,NaN,NaN,NaN,NaN,NaN,NaN,NaN
mn180302-47,Humpback,NaN,NaN,NaN,NaN,NaN,NaN,NaN,NaN,NaN,NaN
mn180302-47,Humpback,NaN,NaN,NaN,NaN,NaN,NaN,NaN,NaN,NaN,NaN
mn180302-47,Humpback,NaN,NaN,NaN,NaN,NaN,NaN,NaN,NaN,NaN,NaN
mn180302-47,Humpback,NaN,NaN,NaN,NaN,NaN,NaN,NaN,NaN,NaN,NaN
mn180302-47,Humpback,NaN,NaN,NaN,NaN,NaN,NaN,NaN,NaN,NaN,NaN
mn180302-47,Humpback,NaN,NaN,NaN,NaN,NaN,NaN,NaN,NaN,NaN,NaN
mn180302-47,Humpback,NaN,NaN,NaN,NaN,NaN,NaN,NaN,NaN,NaN,NaN
mn180302-47,Humpback,NaN,NaN,NaN,NaN,NaN,NaN,NaN,NaN,NaN,NaN
mn180302-47,Humpback,NaN,NaN,NaN,NaN,NaN,NaN,NaN,NaN,NaN,NaN
mn180302-47,Humpback,NaN,NaN,NaN,NaN,NaN,NaN,NaN,NaN,NaN,NaN
mn180302-47,Humpback,NaN,NaN,NaN,NaN,NaN,NaN,NaN,NaN,NaN,NaN
mn180302-47,Humpback,NaN,NaN,NaN,NaN,NaN,NaN,NaN,NaN,NaN,NaN
mn180302-47,Humpback,NaN,NaN,NaN,NaN,NaN,NaN,NaN,NaN,NaN,NaN
mn180302-47,Humpback,NaN,NaN,NaN,NaN,NaN,NaN,NaN,NaN,NaN,NaN
mn180302-47,Humpback,NaN,NaN,NaN,NaN,NaN,NaN,NaN,NaN,NaN,NaN
mn180302-47,Humpback,NaN,NaN,NaN,NaN,NaN,NaN,NaN,NaN,NaN,NaN
mn180302-47,Humpback,NaN,NaN,NaN,NaN,NaN,NaN,NaN,NaN,NaN,NaN
mn180302-47,Humpback,NaN,NaN,NaN,NaN,NaN,NaN,NaN,NaN,NaN,NaN
mn180302-47,Humpback,NaN,NaN,NaN,NaN,NaN,NaN,NaN,NaN,NaN,NaN
mn190225-40,Humpback,0.185185185185185,0.29412,0.29412,0.30303,0.26316,NaN,NaN,NaN,NaN,NaN
mn190225-40,Humpback,NaN,NaN,NaN,NaN,NaN,NaN,NaN,NaN,NaN,NaN
mn190225-40,Humpback,NaN,NaN,NaN,NaN,NaN,NaN,NaN,NaN,NaN,NaN
mn190225-40,Humpback,NaN,NaN,NaN,NaN,NaN,NaN,NaN,NaN,NaN,NaN
mn190225-40,Humpback,0.188679245283019,0.25641,0.25641,0.35714,0.26316,NaN,NaN,NaN,NaN,NaN
mn190225-40,Humpback,0.204081632653061,0.23256,0.37037,0.27778,NaN,NaN,NaN,NaN,NaN,NaN
mn190225-40,Humpback,NaN,NaN,NaN,NaN,NaN,NaN,NaN,NaN,NaN,NaN
mn190225-40,Humpback,NaN,NaN,NaN,NaN,NaN,NaN,NaN,NaN,NaN,NaN
mn190225-40,Humpback,0.181818181818182,0.33333,0.30303,0.2381,NaN,NaN,NaN,NaN,NaN,NaN
mn190225-40,Humpback,0.175438596491228,0.25641,0.37037,0.27027,NaN,NaN,NaN,NaN,NaN,NaN
mn190225-40,Humpback,0.178571428571429,0.2381,0.37037,0.25641,NaN,NaN,NaN,NaN,NaN,NaN
mn190225-40,Humpback,0.204081632653061,0.25641,0.38462,0.25641,NaN,NaN,NaN,NaN,NaN,NaN
mn190225-40,Humpback,0.192307692307692,0.35714,0.41667,0.3125,NaN,NaN,NaN,NaN,NaN,NaN
mn190225-40,Humpback,0.185185185185185,0.21739,0.2439,0.32258,0.26316,NaN,NaN,NaN,NaN,NaN
mn190225-40,Humpback,NaN,NaN,NaN,NaN,NaN,NaN,NaN,NaN,NaN,NaN
mn190225-40,Humpback,NaN,NaN,NaN,NaN,NaN,NaN,NaN,NaN,NaN,NaN
mn190225-40,Humpback,0.188679245283019,0.3125,0.34483,0.26316,NaN,NaN,NaN,NaN,NaN,NaN
mn190225-40,Humpback,NaN,NaN,NaN,NaN,NaN,NaN,NaN,NaN,NaN,NaN
mn190225-40,Humpback,0.204081632653061,0.27027,0.2439,0.3125,0.30303,NaN,NaN,NaN,NaN,NaN
mn190225-40,Humpback,0.181818181818182,0.29412,0.34483,0.30303,NaN,NaN,NaN,NaN,NaN,NaN
mn190225-40,Humpback,NaN,NaN,NaN,NaN,NaN,NaN,NaN,NaN,NaN,NaN
mn190225-40,Humpback,0.204081632653061,0.25641,0.33333,0.27778,NaN,NaN,NaN,NaN,NaN,NaN
mn190225-40,Humpback,0.2,0.27778,0.34483,0.27778,NaN,NaN,NaN,NaN,NaN,NaN
mn190225-40,Humpback,NaN,NaN,NaN,NaN,NaN,NaN,NaN,NaN,NaN,NaN
mn190225-40,Humpback,NaN,NaN,NaN,NaN,NaN,NaN,NaN,NaN,NaN,NaN
mn190225-40,Humpback,NaN,NaN,NaN,NaN,NaN,NaN,NaN,NaN,NaN,NaN
mn190225-40,Humpback,NaN,NaN,NaN,NaN,NaN,NaN,NaN,NaN,NaN,NaN
mn190225-40,Humpback,NaN,NaN,NaN,NaN,NaN,NaN,NaN,NaN,NaN,NaN
mn190225-40,Humpback,NaN,NaN,NaN,NaN,NaN,NaN,NaN,NaN,NaN,NaN
mn190225-40,Humpback,0.196078431372549,0.26316,0.35714,0.20408,NaN,NaN,NaN,NaN,NaN,NaN
mn190228-42,Humpback,0.263157894736842,0.43478,0.21739,0.26316,0.33333,NaN,NaN,NaN,NaN,NaN
mn190228-42,Humpback,NaN,NaN,NaN,NaN,NaN,NaN,NaN,NaN,NaN,NaN
mn190228-42,Humpback,NaN,NaN,NaN,NaN,NaN,NaN,NaN,NaN,NaN,NaN
mn190228-42,Humpback,NaN,NaN,NaN,NaN,NaN,NaN,NaN,NaN,NaN,NaN
mn190228-42,Humpback,NaN,NaN,NaN,NaN,NaN,NaN,NaN,NaN,NaN,NaN
mn190228-42,Humpback,NaN,NaN,NaN,NaN,NaN,NaN,NaN,NaN,NaN,NaN
mn190228-42,Humpback,0.238095238095238,0.14085,0.19608,0.26316,0.32258,0.41667,0.47619,NaN,NaN,NaN
mn190228-42,Humpback,NaN,NaN,NaN,NaN,NaN,NaN,NaN,NaN,NaN,NaN
mn190228-42,Humpback,NaN,NaN,NaN,NaN,NaN,NaN,NaN,NaN,NaN,NaN
mn190228-42,Humpback,NaN,NaN,NaN,NaN,NaN,NaN,NaN,NaN,NaN,NaN
mn190228-42,Humpback,NaN,NaN,NaN,NaN,NaN,NaN,NaN,NaN,NaN,NaN
mn190228-42,Humpback,NaN,NaN,NaN,NaN,NaN,NaN,NaN,NaN,NaN,NaN
mn190228-42,Humpback,NaN,NaN,NaN,NaN,NaN,NaN,NaN,NaN,NaN,NaN
mn190228-42,Humpback,NaN,NaN,NaN,NaN,NaN,NaN,NaN,NaN,NaN,NaN
mn190228-42,Humpback,NaN,NaN,NaN,NaN,NaN,NaN,NaN,NaN,NaN,NaN
mn190228-42,Humpback,NaN,NaN,NaN,NaN,NaN,NaN,NaN,NaN,NaN,NaN
mn190228-42,Humpback,NaN,NaN,NaN,NaN,NaN,NaN,NaN,NaN,NaN,NaN
mn190228-42,Humpback,NaN,NaN,NaN,NaN,NaN,NaN,NaN,NaN,NaN,NaN
mn190228-42,Humpback,0.217391304347826,0.18182,0.41667,0.38462,NaN,NaN,NaN,NaN,NaN,NaN
mn190228-42,Humpback,NaN,NaN,NaN,NaN,NaN,NaN,NaN,NaN,NaN,NaN
mn190228-42,Humpback,NaN,NaN,NaN,NaN,NaN,NaN,NaN,NaN,NaN,NaN
mn190228-42,Humpback,NaN,NaN,NaN,NaN,NaN,NaN,NaN,NaN,NaN,NaN
mn190228-42,Humpback,NaN,NaN,NaN,NaN,NaN,NaN,NaN,NaN,NaN,NaN
mn190228-42,Humpback,NaN,NaN,NaN,NaN,NaN,NaN,NaN,NaN,NaN,NaN
mn190228-42,Humpback,NaN,NaN,NaN,NaN,NaN,NaN,NaN,NaN,NaN,NaN
mn190228-42,Humpback,0.227272727272727,0.2381,0.29412,0.32258,NaN,NaN,NaN,NaN,NaN,NaN
mn190228-42,Humpback,NaN,NaN,NaN,NaN,NaN,NaN,NaN,NaN,NaN,NaN
mn190228-42,Humpback,NaN,NaN,NaN,NaN,NaN,NaN,NaN,NaN,NaN,NaN
mn190228-42,Humpback,NaN,NaN,NaN,NaN,NaN,NaN,NaN,NaN,NaN,NaN
mn190228-42,Humpback,0.212765957446809,0.22222,0.29412,0.34483,NaN,NaN,NaN,NaN,NaN,NaN
mn190228-44,Humpback,NaN,NaN,NaN,NaN,NaN,NaN,NaN,NaN,NaN,NaN
mn190228-44,Humpback,NaN,NaN,NaN,NaN,NaN,NaN,NaN,NaN,NaN,NaN
mn190228-44,Humpback,NaN,NaN,NaN,NaN,NaN,NaN,NaN,NaN,NaN,NaN
mn190228-44,Humpback,NaN,NaN,NaN,NaN,NaN,NaN,NaN,NaN,NaN,NaN
mn190228-44,Humpback,NaN,NaN,NaN,NaN,NaN,NaN,NaN,NaN,NaN,NaN
mn190228-44,Humpback,NaN,NaN,NaN,NaN,NaN,NaN,NaN,NaN,NaN,NaN
mn190228-44,Humpback,0.2,0.18868,0.18182,0.37037,NaN,NaN,NaN,NaN,NaN,NaN
mn190228-44,Humpback,NaN,NaN,NaN,NaN,NaN,NaN,NaN,NaN,NaN,NaN
mn190228-44,Humpback,NaN,NaN,NaN,NaN,NaN,NaN,NaN,NaN,NaN,NaN
mn190228-44,Humpback,NaN,NaN,NaN,NaN,NaN,NaN,NaN,NaN,NaN,NaN
mn190228-44,Humpback,NaN,NaN,NaN,NaN,NaN,NaN,NaN,NaN,NaN,NaN
mn190228-44,Humpback,NaN,NaN,NaN,NaN,NaN,NaN,NaN,NaN,NaN,NaN
mn190228-44,Humpback,NaN,NaN,NaN,NaN,NaN,NaN,NaN,NaN,NaN,NaN
mn190228-44,Humpback,NaN,NaN,NaN,NaN,NaN,NaN,NaN,NaN,NaN,NaN
mn190228-44,Humpback,NaN,NaN,NaN,NaN,NaN,NaN,NaN,NaN,NaN,NaN
mn190228-44,Humpback,NaN,NaN,NaN,NaN,NaN,NaN,NaN,NaN,NaN,NaN
mn190228-44,Humpback,NaN,NaN,NaN,NaN,NaN,NaN,NaN,NaN,NaN,NaN
mn190228-44,Humpback,NaN,NaN,NaN,NaN,NaN,NaN,NaN,NaN,NaN,NaN
mn190228-44,Humpback,NaN,NaN,NaN,NaN,NaN,NaN,NaN,NaN,NaN,NaN
mn190228-44,Humpback,NaN,NaN,NaN,NaN,NaN,NaN,NaN,NaN,NaN,NaN
mn190228-44,Humpback,NaN,NaN,NaN,NaN,NaN,NaN,NaN,NaN,NaN,NaN
mn190228-44,Humpback,NaN,NaN,NaN,NaN,NaN,NaN,NaN,NaN,NaN,NaN
mn190228-44,Humpback,0.188679245283019,0.35714,0.28571,0.20408,NaN,NaN,NaN,NaN,NaN,NaN
mn190228-44,Humpback,NaN,NaN,NaN,NaN,NaN,NaN,NaN,NaN,NaN,NaN
mn190228-44,Humpback,NaN,NaN,NaN,NaN,NaN,NaN,NaN,NaN,NaN,NaN
mn190228-44,Humpback,NaN,NaN,NaN,NaN,NaN,NaN,NaN,NaN,NaN,NaN
mn190228-44,Humpback,NaN,NaN,NaN,NaN,NaN,NaN,NaN,NaN,NaN,NaN
mn190228-44,Humpback,NaN,NaN,NaN,NaN,NaN,NaN,NaN,NaN,NaN,NaN
mn190228-44,Humpback,NaN,NaN,NaN,NaN,NaN,NaN,NaN,NaN,NaN,NaN
mn190228-44,Humpback,NaN,NaN,NaN,NaN,NaN,NaN,NaN,NaN,NaN,NaN
mn190305-44,Humpback,NaN,NaN,NaN,NaN,NaN,NaN,NaN,NaN,NaN,NaN
mn190305-44,Humpback,NaN,NaN,NaN,NaN,NaN,NaN,NaN,NaN,NaN,NaN
mn190305-44,Humpback,NaN,NaN,NaN,NaN,NaN,NaN,NaN,NaN,NaN,NaN
mn190305-44,Humpback,NaN,NaN,NaN,NaN,NaN,NaN,NaN,NaN,NaN,NaN
mn190305-44,Humpback,NaN,NaN,NaN,NaN,NaN,NaN,NaN,NaN,NaN,NaN
mn190305-44,Humpback,0.256410256410256,0.2,0.27778,0.34483,NaN,NaN,NaN,NaN,NaN,NaN
mn190305-44,Humpback,NaN,NaN,NaN,NaN,NaN,NaN,NaN,NaN,NaN,NaN
mn190305-44,Humpback,0.285714285714286,0.29412,0.19231,0.33333,NaN,NaN,NaN,NaN,NaN,NaN
mn190305-44,Humpback,NaN,NaN,NaN,NaN,NaN,NaN,NaN,NaN,NaN,NaN
mn190305-44,Humpback,NaN,NaN,NaN,NaN,NaN,NaN,NaN,NaN,NaN,NaN
mn190305-44,Humpback,NaN,NaN,NaN,NaN,NaN,NaN,NaN,NaN,NaN,NaN
mn190305-44,Humpback,NaN,NaN,NaN,NaN,NaN,NaN,NaN,NaN,NaN,NaN
mn190305-44,Humpback,NaN,NaN,NaN,NaN,NaN,NaN,NaN,NaN,NaN,NaN
mn190305-44,Humpback,NaN,NaN,NaN,NaN,NaN,NaN,NaN,NaN,NaN,NaN
mn190305-44,Humpback,NaN,NaN,NaN,NaN,NaN,NaN,NaN,NaN,NaN,NaN
mn190305-44,Humpback,NaN,NaN,NaN,NaN,NaN,NaN,NaN,NaN,NaN,NaN
mn190305-44,Humpback,0.285714285714286,0.33333,0.2439,0.41667,NaN,NaN,NaN,NaN,NaN,NaN
mn190305-44,Humpback,NaN,NaN,NaN,NaN,NaN,NaN,NaN,NaN,NaN,NaN
mn190305-44,Humpback,NaN,NaN,NaN,NaN,NaN,NaN,NaN,NaN,NaN,NaN
mn190305-44,Humpback,0.263157894736842,0.17857,0.27778,0.33333,NaN,NaN,NaN,NaN,NaN,NaN
mn190305-44,Humpback,NaN,NaN,NaN,NaN,NaN,NaN,NaN,NaN,NaN,NaN
mn190305-44,Humpback,NaN,NaN,NaN,NaN,NaN,NaN,NaN,NaN,NaN,NaN
mn190305-44,Humpback,NaN,NaN,NaN,NaN,NaN,NaN,NaN,NaN,NaN,NaN
mn190305-44,Humpback,0.303030303030303,0.2381,0.35714,0.5,NaN,NaN,NaN,NaN,NaN,NaN
mn190305-44,Humpback,NaN,NaN,NaN,NaN,NaN,NaN,NaN,NaN,NaN,NaN
mn190305-44,Humpback,NaN,NaN,NaN,NaN,NaN,NaN,NaN,NaN,NaN,NaN
mn190305-44,Humpback,NaN,NaN,NaN,NaN,NaN,NaN,NaN,NaN,NaN,NaN
mn190305-44,Humpback,NaN,NaN,NaN,NaN,NaN,NaN,NaN,NaN,NaN,NaN
mn190305-44,Humpback,NaN,NaN,NaN,NaN,NaN,NaN,NaN,NaN,NaN,NaN
mn190305-44,Humpback,NaN,NaN,NaN,NaN,NaN,NaN,NaN,NaN,NaN,NaN
mn190306-42,Humpback,NaN,NaN,NaN,NaN,NaN,NaN,NaN,NaN,NaN,NaN
mn190306-42,Humpback,NaN,NaN,NaN,NaN,NaN,NaN,NaN,NaN,NaN,NaN
mn190306-42,Humpback,NaN,NaN,NaN,NaN,NaN,NaN,NaN,NaN,NaN,NaN
mn190306-42,Humpback,NaN,NaN,NaN,NaN,NaN,NaN,NaN,NaN,NaN,NaN
mn190306-42,Humpback,NaN,NaN,NaN,NaN,NaN,NaN,NaN,NaN,NaN,NaN
mn190306-42,Humpback,NaN,NaN,NaN,NaN,NaN,NaN,NaN,NaN,NaN,NaN
mn190306-42,Humpback,NaN,NaN,NaN,NaN,NaN,NaN,NaN,NaN,NaN,NaN
mn190306-42,Humpback,NaN,NaN,NaN,NaN,NaN,NaN,NaN,NaN,NaN,NaN
mn190306-42,Humpback,NaN,NaN,NaN,NaN,NaN,NaN,NaN,NaN,NaN,NaN
mn190306-42,Humpback,NaN,NaN,NaN,NaN,NaN,NaN,NaN,NaN,NaN,NaN
mn190306-42,Humpback,NaN,NaN,NaN,NaN,NaN,NaN,NaN,NaN,NaN,NaN
mn190306-42,Humpback,NaN,NaN,NaN,NaN,NaN,NaN,NaN,NaN,NaN,NaN
mn190306-42,Humpback,NaN,NaN,NaN,NaN,NaN,NaN,NaN,NaN,NaN,NaN
mn190306-42,Humpback,NaN,NaN,NaN,NaN,NaN,NaN,NaN,NaN,NaN,NaN
mn190306-42,Humpback,NaN,NaN,NaN,NaN,NaN,NaN,NaN,NaN,NaN,NaN
mn190306-42,Humpback,NaN,NaN,NaN,NaN,NaN,NaN,NaN,NaN,NaN,NaN
mn190306-42,Humpback,NaN,NaN,NaN,NaN,NaN,NaN,NaN,NaN,NaN,NaN
mn190306-42,Humpback,NaN,NaN,NaN,NaN,NaN,NaN,NaN,NaN,NaN,NaN
mn190306-42,Humpback,NaN,NaN,NaN,NaN,NaN,NaN,NaN,NaN,NaN,NaN
mn190306-42,Humpback,NaN,NaN,NaN,NaN,NaN,NaN,NaN,NaN,NaN,NaN
mn190306-42,Humpback,NaN,NaN,NaN,NaN,NaN,NaN,NaN,NaN,NaN,NaN
mn190306-42,Humpback,NaN,NaN,NaN,NaN,NaN,NaN,NaN,NaN,NaN,NaN
mn190306-42,Humpback,NaN,NaN,NaN,NaN,NaN,NaN,NaN,NaN,NaN,NaN
mn190306-42,Humpback,NaN,NaN,NaN,NaN,NaN,NaN,NaN,NaN,NaN,NaN
mn190306-42,Humpback,NaN,NaN,NaN,NaN,NaN,NaN,NaN,NaN,NaN,NaN
mn190306-42,Humpback,NaN,NaN,NaN,NaN,NaN,NaN,NaN,NaN,NaN,NaN
mn190306-42,Humpback,NaN,NaN,NaN,NaN,NaN,NaN,NaN,NaN,NaN,NaN
mn190306-42,Humpback,NaN,NaN,NaN,NaN,NaN,NaN,NaN,NaN,NaN,NaN
mn190306-42,Humpback,NaN,NaN,NaN,NaN,NaN,NaN,NaN,NaN,NaN,NaN
mn190306-42,Humpback,NaN,NaN,NaN,NaN,NaN,NaN,NaN,NaN,NaN,NaN
mn190309-44b,Humpback,NaN,NaN,NaN,NaN,NaN,NaN,NaN,NaN,NaN,NaN
mn190309-44b,Humpback,NaN,NaN,NaN,NaN,NaN,NaN,NaN,NaN,NaN,NaN
mn190309-44b,Humpback,0.32258064516129,0.17544,0.25641,0.47619,NaN,NaN,NaN,NaN,NaN,NaN
mn190309-44b,Humpback,NaN,NaN,NaN,NaN,NaN,NaN,NaN,NaN,NaN,NaN
mn190309-44b,Humpback,NaN,NaN,NaN,NaN,NaN,NaN,NaN,NaN,NaN,NaN
mn190309-44b,Humpback,0.27027027027027,0.30303,0.27778,0.43478,NaN,NaN,NaN,NaN,NaN,NaN
mn190309-44b,Humpback,NaN,NaN,NaN,NaN,NaN,NaN,NaN,NaN,NaN,NaN
mn190309-44b,Humpback,NaN,NaN,NaN,NaN,NaN,NaN,NaN,NaN,NaN,NaN
mn190309-44b,Humpback,NaN,NaN,NaN,NaN,NaN,NaN,NaN,NaN,NaN,NaN
mn190309-44b,Humpback,NaN,NaN,NaN,NaN,NaN,NaN,NaN,NaN,NaN,NaN
mn190309-44b,Humpback,0.277777777777778,0.38462,0.18519,0.19608,0.3125,0.35714,NaN,NaN,NaN,NaN
mn190309-44b,Humpback,NaN,NaN,NaN,NaN,NaN,NaN,NaN,NaN,NaN,NaN
mn190309-44b,Humpback,0.24390243902439,0.25641,0.27778,0.29412,NaN,NaN,NaN,NaN,NaN,NaN
mn190309-44b,Humpback,NaN,NaN,NaN,NaN,NaN,NaN,NaN,NaN,NaN,NaN
mn190309-44b,Humpback,NaN,NaN,NaN,NaN,NaN,NaN,NaN,NaN,NaN,NaN
mn190309-44b,Humpback,0.256410256410256,0.2439,0.22222,0.28571,0.30303,NaN,NaN,NaN,NaN,NaN
mn190309-44b,Humpback,NaN,NaN,NaN,NaN,NaN,NaN,NaN,NaN,NaN,NaN
mn190309-44b,Humpback,0.263157894736842,0.35714,0.22727,0.37037,NaN,NaN,NaN,NaN,NaN,NaN
mn190309-44b,Humpback,0.333333333333333,0.28571,0.17857,0.18519,0.26316,0.37037,0.47619,NaN,NaN,NaN
mn190309-44b,Humpback,NaN,NaN,NaN,NaN,NaN,NaN,NaN,NaN,NaN,NaN
mn190309-44b,Humpback,0.27027027027027,0.28571,0.29412,0.4,NaN,NaN,NaN,NaN,NaN,NaN
mn190309-44b,Humpback,NaN,NaN,NaN,NaN,NaN,NaN,NaN,NaN,NaN,NaN
mn190309-44b,Humpback,0.256410256410256,0.20833,0.16667,0.21739,0.29412,NaN,NaN,NaN,NaN,NaN
mn190309-44b,Humpback,NaN,NaN,NaN,0.16667,0.29412,0.32258,0.41667,NaN,NaN,NaN
mn190309-44b,Humpback,0.277777777777778,0.26316,0.3125,0.38462,NaN,NaN,NaN,NaN,NaN,NaN
mn190309-44b,Humpback,NaN,NaN,NaN,NaN,NaN,NaN,NaN,NaN,NaN,NaN
mn190309-44b,Humpback,NaN,NaN,NaN,NaN,NaN,NaN,NaN,NaN,NaN,NaN
mn190309-44b,Humpback,0.277777777777778,0.23256,0.32258,0.34483,NaN,NaN,NaN,NaN,NaN,NaN
mn190309-44b,Humpback,NaN,NaN,0.2381,0.3125,0.45455,NaN,NaN,NaN,NaN,NaN
mn190309-44b,Humpback,NaN,NaN,NaN,NaN,NaN,NaN,NaN,NaN,NaN,NaN
